{
    "train_time": 226.3282914161682,
    "config": {
        "cr2_d": 64,
        "epochs": 32,
        "learn_rate": 0.0005,
        "prefix": "n",
        "cr1_d": 32,
        "fcr1_size": 2048,
        "name": "000",
        "fcr2_size": 512,
        "k": 5,
        "cr3_d": 128
    },
    "validation_accuracy": [
        0.7394557819074514,
        0.8276643986604652,
        0.8959183673739703,
        0.875056689126151,
        0.8782312922737225,
        0.9002267573966461,
        0.8931972786682804,
        0.8920634918202078,
        0.9024943308224753,
        0.8877551021759742,
        0.9018140584703476,
        0.9099773240197543,
        0.9215419503836946,
        0.8968253965821126,
        0.903628117670548,
        0.9219954651229235,
        0.9299319725458314,
        0.9249433109279123,
        0.9337868483428782,
        0.9349206351909508,
        0.9331065762340347,
        0.9344671204517218,
        0.9344671204517218,
        0.9353741499301798,
        0.9340136057124927,
        0.9353741499301798,
        0.9349206351909508,
        0.9342403630821072,
        0.9340136057124927,
        0.9346938778213363,
        0.9351473925605652,
        0.9333333336036492
    ],
    "test_accuracy": 0.9275534446146974
}