{
    "test_accuracy": 0.9150435468457752,
    "config": {
        "fcr2_size": 512,
        "name": "001",
        "cr1_d": 32,
        "k": 5,
        "fcr1_size": 2048,
        "cr3_d": 128,
        "cr2_d": 64,
        "epochs": 32,
        "learn_rate": 0.0005,
        "prefix": "n_eh"
    },
    "validation_accuracy": [
        0.780272108870569,
        0.8614512469492802,
        0.8920634923338079,
        0.898639455836376,
        0.902040816110278,
        0.9145124706281286,
        0.8918367346938776,
        0.9265306114880136,
        0.9235827667102251,
        0.9269841259569268,
        0.9274376419936718,
        0.9283446701746139,
        0.9274376419936718,
        0.9285714285714286,
        0.926530612244898,
        0.9272108846240573,
        0.926530612244898,
        0.926984126984127,
        0.9260770975056689,
        0.926984126984127,
        0.9256235827664399,
        0.9267573696145125,
        0.9272108843537415,
        0.9251700680272109,
        0.9249433106575964,
        0.9256235827664399,
        0.9263038548752834,
        0.9272108843537415,
        0.9260770975056689,
        0.9251700680272109,
        0.9256235827664399,
        0.9247165532879819
    ],
    "train_time": 227.4347116947174
}