{
    "train_time": 227.78420114517212,
    "config": {
        "prefix": "n_ec",
        "cr2_d": 64,
        "learn_rate": 0.0005,
        "name": "002",
        "fcr2_size": 512,
        "fcr1_size": 2048,
        "k": 5,
        "epochs": 32,
        "cr3_d": 128,
        "cr1_d": 32
    },
    "validation_accuracy": [
        0.7839002260004853,
        0.8993197273775564,
        0.9077097500532934,
        0.920408162751706,
        0.9365079359943363,
        0.9356009065158783,
        0.9331065759637188,
        0.9396825391689396,
        0.9442176865612298,
        0.9351473912630492,
        0.9428571428571428,
        0.9462585034013605,
        0.9494331065759637,
        0.9494331065759637,
        0.9489795918367347,
        0.9476190476190476,
        0.9487528344671202,
        0.9476190476190476,
        0.9482993197278912,
        0.9471655328798186,
        0.9485260770975057,
        0.9469387755102041,
        0.9482993197278912,
        0.9485260770975057,
        0.9482993197278912,
        0.9485260770975057,
        0.9480725623582766,
        0.9473922902494331,
        0.9485260770975057,
        0.9469387755102041,
        0.9480725623582766,
        0.9492063492063492
    ],
    "test_accuracy": 0.9380839272991401
}