{
    "config": {
        "epochs": 32,
        "prefix": "n_ea",
        "fcr1_size": 2048,
        "k": 5,
        "name": "003",
        "cr2_d": 64,
        "cr3_d": 128,
        "learn_rate": 0.0005,
        "cr1_d": 32,
        "fcr2_size": 512
    },
    "train_time": 229.00090980529785,
    "test_accuracy": 0.9412509899618884,
    "validation_accuracy": [
        0.8814058957186416,
        0.9158730156297316,
        0.9183673472090914,
        0.9442176868315457,
        0.9349206346773506,
        0.9471655328798186,
        0.956689342673944,
        0.9607709753270052,
        0.9625850340136054,
        0.962358276643991,
        0.9605442176870749,
        0.9609977324263038,
        0.9625850340136054,
        0.9614512471655329,
        0.9614512471655329,
        0.9621315192743765,
        0.9619047619047619,
        0.9630385487528345,
        0.9619047621750777,
        0.9616780045351474,
        0.9614512471655329,
        0.9614512471655329,
        0.9619047619047619,
        0.9607709750566893,
        0.962358276643991,
        0.9614512471655329,
        0.9598639458485472,
        0.9607709750566893,
        0.9612244897959183,
        0.9603174603174603,
        0.9612244897959183,
        0.9603174603174603
    ]
}