{
    "validation_accuracy": [
        0.754648525590529,
        0.8566893424306598,
        0.8820861678274851,
        0.886848072319074,
        0.899319727918188,
        0.8909297055397986,
        0.8990929702782576,
        0.8603174599119865,
        0.9054421763841798,
        0.8678004532714549,
        0.9074829932243105,
        0.9013605439744028,
        0.8922902492168538,
        0.9242630383054685,
        0.9113378685077572,
        0.92131519301408,
        0.8990929702782576,
        0.8934240365514949,
        0.9011337866047883,
        0.9147392292952592,
        0.9192743766875494,
        0.9224489798621526,
        0.921768707753309,
        0.920861678274851,
        0.9206349209052365,
        0.9195011340571639,
        0.9197278914267785,
        0.9201814061660074,
        0.919954648796393,
        0.9192743766875494,
        0.9192743766875494,
        0.9197278914267785
    ],
    "train_time": 227.71614122390747,
    "config": {
        "cr2_d": 64,
        "epochs": 32,
        "prefix": "n_fr",
        "k": 5,
        "learn_rate": 0.0005,
        "name": "004",
        "fcr1_size": 2048,
        "cr1_d": 32,
        "fcr2_size": 512,
        "cr3_d": 128
    },
    "test_accuracy": 0.9266825024135888
}