{
    "train_time": 227.46924805641174,
    "validation_accuracy": [
        0.7809523812226968,
        0.8537414955714392,
        0.8648526070069293,
        0.9054421763841798,
        0.9138321993302326,
        0.9068027206018668,
        0.9083900229460528,
        0.9165532874952909,
        0.9231292519709962,
        0.9224489793485525,
        0.9217687072397089,
        0.9219954646093235,
        0.9215419503836946,
        0.9217687072397089,
        0.9210884356444655,
        0.9215419503836946,
        0.920861678274851,
        0.9215419503836946,
        0.9210884351308654,
        0.9197278914267785,
        0.9217687072397089,
        0.9215419498700944,
        0.9195011340571639,
        0.9226757372317671,
        0.9224489798621526,
        0.919954648796393,
        0.9204081630220219,
        0.9181405893258767,
        0.9215419503836946,
        0.9197278914267785,
        0.9197278914267785,
        0.9204081635356219
    ],
    "config": {
        "learn_rate": 0.0005,
        "cr1_d": 32,
        "name": "005",
        "cr2_d": 64,
        "k": 5,
        "prefix": "n_eh_fr",
        "epochs": 32,
        "fcr2_size": 512,
        "cr3_d": 128,
        "fcr1_size": 2048
    },
    "test_accuracy": 0.9101345999695815
}