{
    "validation_accuracy": [
        0.8256235825501872,
        0.9058956910963772,
        0.9181405898394769,
        0.9219954640957233,
        0.9408163265576438,
        0.9303854877986605,
        0.9378684807256236,
        0.9444444444444444,
        0.945124716553288,
        0.9482993197278912,
        0.9485260770975057,
        0.9505668934240363,
        0.9496598639455782,
        0.9478458049886621,
        0.9496598639455782,
        0.9467120181405896,
        0.9471655328798186,
        0.9478458049886621,
        0.9489795918367347,
        0.9485260770975057,
        0.946031746031746,
        0.9473922902494331,
        0.9485260770975057,
        0.9473922902494331,
        0.9480725623582766,
        0.9480725623582766,
        0.9485260770975057,
        0.9482993197278912,
        0.9492063492063492,
        0.9485260770975057,
        0.9482993197278912,
        0.9471655328798186
    ],
    "train_time": 227.4309058189392,
    "config": {
        "learn_rate": 0.0005,
        "k": 5,
        "cr2_d": 64,
        "cr1_d": 32,
        "fcr2_size": 512,
        "epochs": 32,
        "prefix": "n_ec_fr",
        "name": "006",
        "fcr1_size": 2048,
        "cr3_d": 128
    },
    "test_accuracy": 0.9432304040553168
}