{
    "config": {
        "fcr2_size": 512,
        "cr3_d": 128,
        "fcr1_size": 2048,
        "learn_rate": 0.0005,
        "cr1_d": 32,
        "cr2_d": 64,
        "k": 5,
        "epochs": 32,
        "name": "007",
        "prefix": "n_ea_fr"
    },
    "test_accuracy": 0.9406967540157285,
    "validation_accuracy": [
        0.8621315190310922,
        0.9258503398927701,
        0.9142857140694616,
        0.9340136054421768,
        0.9485260770975057,
        0.9399092973224701,
        0.954421768707483,
        0.9587301587301588,
        0.9616780045351474,
        0.9600907029478458,
        0.9625850340136054,
        0.963265306122449,
        0.9605442176870749,
        0.9612244897959183,
        0.9609977324263038,
        0.9596371882086168,
        0.9609977324263038,
        0.9603174603174603,
        0.9609977324263038,
        0.9609977324263038,
        0.9616780045351474,
        0.9600907029478458,
        0.9605442176870749,
        0.9605442176870749,
        0.9609977324263038,
        0.9614512471655329,
        0.9603174603174603,
        0.9612244897959183,
        0.9596371882086168,
        0.9609977324263038,
        0.9619047619047619,
        0.9603174603174603
    ],
    "train_time": 228.30594849586487
}