{
    "validation_accuracy": [
        0.7249433105224384,
        0.8539682542385698,
        0.8689342398762433,
        0.8934240365514949,
        0.9034013603009334,
        0.9106575966421979,
        0.9219954651229235,
        0.9185941045787058,
        0.9256235825231557,
        0.9199546482827928,
        0.9326530612244898,
        0.9310657599075041,
        0.9344671204517218,
        0.9335600904596636,
        0.9344671199381216,
        0.9337868478292781,
        0.9360544217687075,
        0.9374149662567104,
        0.9433106578666878,
        0.9428571428571428,
        0.9442176868315457,
        0.9451247163100037,
        0.9442176868315457,
        0.9444444442011601,
        0.940816326287328,
        0.942630385244244,
        0.9439909299755312,
        0.9437641720923167,
        0.9458049884188473,
        0.9442176868315457,
        0.9442176868315457,
        0.9460317457884617
    ],
    "config": {
        "cr3_d": 128,
        "fcr2_size": 512,
        "name": "008",
        "k": 5,
        "learn_rate": 0.0001,
        "prefix": "n_ea_fr",
        "fcr1_size": 2048,
        "epochs": 32,
        "cr1_d": 32,
        "cr2_d": 64
    },
    "test_accuracy": 0.9249406173129169,
    "train_time": 228.6699206829071
}