{
    "train_time": 229.046288728714,
    "config": {
        "fcr2_size": 512,
        "cr2_d": 64,
        "k": 5,
        "name": "009",
        "cr3_d": 128,
        "learn_rate": 0.0002,
        "fcr1_size": 2048,
        "cr1_d": 32,
        "prefix": "n_ea_fr",
        "epochs": 32
    },
    "validation_accuracy": [
        0.8131519271943575,
        0.8972789110780574,
        0.904988661888235,
        0.9204081630220219,
        0.9204081632653062,
        0.92834467147213,
        0.9231292517006803,
        0.9408163268009281,
        0.9371882086438116,
        0.940362812061699,
        0.9453514741932183,
        0.9444444447147603,
        0.948752834737436,
        0.9489795921070505,
        0.9503401363247376,
        0.949206349476665,
        0.9501133789551232,
        0.9512471658031957,
        0.9494331068462796,
        0.9514739231728102,
        0.9521541952816537,
        0.9512471658031957,
        0.9503401363247376,
        0.9485260773678215,
        0.9503401363247376,
        0.9507936510639666,
        0.9501133789551232,
        0.9494331068462796,
        0.9512471658031957,
        0.949206349476665,
        0.9501133789551232,
        0.9485260773678215
    ],
    "test_accuracy": 0.9326207440709275
}