{
    "train_time": 227.12580466270447,
    "config": {
        "fcr2_size": 512,
        "cr1_d": 32,
        "k": 5,
        "fcr1_size": 2048,
        "cr3_d": 128,
        "prefix": "n_ea_fr",
        "learn_rate": 0.0003,
        "name": "010",
        "cr2_d": 64,
        "epochs": 32
    },
    "test_accuracy": 0.9346793348036017,
    "validation_accuracy": [
        0.834920634974698,
        0.8773242625519803,
        0.911111111381427,
        0.9317460317460318,
        0.9272108843537415,
        0.9342403628117913,
        0.9365079365079365,
        0.9526077097505669,
        0.9530612244897959,
        0.9498866213151927,
        0.9517006802721089,
        0.9523809523809523,
        0.9523809523809523,
        0.9530612244897959,
        0.9526077097505669,
        0.9505668934240363,
        0.9530612244897959,
        0.9526077097505669,
        0.9517006802721089,
        0.9523809523809523,
        0.9517006802721089,
        0.9503401360544218,
        0.9521541950113379,
        0.9512471655328798,
        0.9523809523809523,
        0.9510204081632653,
        0.9512471655328798,
        0.9507936507936507,
        0.9510204081632653,
        0.9507936507936507,
        0.953514739229025,
        0.9517006802721089
    ]
}