{
    "config": {
        "learn_rate": 0.0004,
        "fcr1_size": 2048,
        "prefix": "n_ea_fr",
        "epochs": 32,
        "fcr2_size": 512,
        "cr2_d": 64,
        "cr3_d": 128,
        "name": "011",
        "k": 5,
        "cr1_d": 32
    },
    "train_time": 226.53829765319824,
    "validation_accuracy": [
        0.8589569156132048,
        0.908843537414966,
        0.9276643990929705,
        0.9294784583202025,
        0.9462585034013605,
        0.9526077097505669,
        0.9485260770975057,
        0.9528344671201814,
        0.9603174605877761,
        0.9594104311093181,
        0.9612244900662342,
        0.9605442179573906,
        0.9596371884789326,
        0.9607709753270052,
        0.9598639458485472,
        0.9589569163700891,
        0.9607709753270052,
        0.9603174605877761,
        0.9614512474358488,
        0.9607709753270052,
        0.9619047621750777,
        0.9596371884789326,
        0.9582766442612456,
        0.9619047621750777,
        0.9612244900662342,
        0.9594104311093181,
        0.9594104311093181,
        0.9607709753270052,
        0.9609977326966197,
        0.9591836737397036,
        0.9619047621750777,
        0.9609977326966197
    ],
    "test_accuracy": 0.9452098178183947
}