{
    "validation_accuracy": [
        0.8825396822963982,
        0.904535147149006,
        0.9274376414800718,
        0.9358276643990929,
        0.9489795918367347,
        0.9546485263474134,
        0.9560090705651004,
        0.9578231295220165,
        0.9598639458485472,
        0.9589569163700891,
        0.9589569163700891,
        0.9605442179573906,
        0.9596371884789326,
        0.9598639458485472,
        0.9587301590004745,
        0.9598639458485472,
        0.9591836737397036,
        0.9596371884789326,
        0.9587301590004745,
        0.9589569163700891,
        0.9589569163700891,
        0.9596371884789326,
        0.9587301590004745,
        0.9594104311093181,
        0.9589569163700891,
        0.9589569163700891,
        0.9596371884789326,
        0.9594104311093181,
        0.9591836737397036,
        0.9591836737397036,
        0.9598639458485472,
        0.9596371884789326
    ],
    "test_accuracy": 0.9441805224520576,
    "config": {
        "name": "012",
        "cr1_d": 32,
        "cr2_d": 64,
        "learn_rate": 0.0005,
        "prefix": "n_ea_fr",
        "k": 5,
        "cr3_d": 128,
        "fcr1_size": 2048,
        "epochs": 32,
        "fcr2_size": 512
    },
    "train_time": 226.17882323265076
}