{
    "config": {
        "k": 5,
        "cr3_d": 128,
        "fcr2_size": 512,
        "fcr1_size": 2048,
        "prefix": "n_ea_fr",
        "epochs": 32,
        "cr1_d": 32,
        "name": "013",
        "cr2_d": 64,
        "learn_rate": 0.0006
    },
    "validation_accuracy": [
        0.8317460317730633,
        0.8956916102476401,
        0.9233560088270105,
        0.936281179138322,
        0.9460317452748617,
        0.9455782312925171,
        0.9478458049886621,
        0.9385487531047829,
        0.9410430839002267,
        0.9514739229024943,
        0.9492063492063492,
        0.9517006802721089,
        0.9526077097505669,
        0.9510204081632653,
        0.9521541950113379,
        0.9519274376417234,
        0.9512471655328798,
        0.9507936507936507,
        0.9519274376417234,
        0.9514739229024943,
        0.9519274376417234,
        0.9507936507936507,
        0.9512471655328798,
        0.9526077097505669,
        0.9512471655328798,
        0.9517006802721089,
        0.9517006802721089,
        0.9521541950113379,
        0.9521541950113379,
        0.9519274376417234,
        0.9517006802721089,
        0.9523809523809523
    ],
    "train_time": 226.27361130714417,
    "test_accuracy": 0.9405384004446409
}