{
    "validation_accuracy": [
        0.9006802723791594,
        0.9226757367451985,
        0.9371882078598957,
        0.950566893180752,
        0.9551020410866424,
        0.9548752824195118,
        0.9598639458485472,
        0.9625850342839213,
        0.9609977326966197,
        0.9621315195446922,
        0.9625850342839213,
        0.9623582769143068,
        0.9628117916535358,
        0.9630385490231503,
        0.9623582769143068,
        0.9634920637623794,
        0.9630385490231503,
        0.9619047621750777,
        0.9621315195446922,
        0.9630385490231503,
        0.9619047621750777,
        0.9625850342839213,
        0.9634920637623794,
        0.9632653063927649,
        0.9625850342839213,
        0.9614512474358488,
        0.9623582769143068,
        0.9619047621750777,
        0.9630385490231503,
        0.9623582769143068,
        0.9614512474358488,
        0.9616780048054633
    ],
    "train_time": 227.32038402557373,
    "test_accuracy": 0.9463974662744518,
    "config": {
        "cr3_d": 128,
        "name": "014",
        "epochs": 32,
        "prefix": "n_ea_fr",
        "fcr1_size": 2048,
        "k": 5,
        "cr1_d": 32,
        "learn_rate": 0.0007,
        "fcr2_size": 512,
        "cr2_d": 64
    }
}