{
    "test_accuracy": 0.9384798102310887,
    "validation_accuracy": [
        0.8206349206619522,
        0.9117913829766704,
        0.9256235827664399,
        0.9335600907029479,
        0.9358276643990929,
        0.943764172335601,
        0.9356009070294785,
        0.9519274376417234,
        0.9492063492063492,
        0.9492063492063492,
        0.9496598639455782,
        0.9505668934240363,
        0.9496598639455782,
        0.9501133786848073,
        0.9492063492063492,
        0.9492063492063492,
        0.9496598639455782,
        0.9514739229024943,
        0.9503401360544218,
        0.9503401360544218,
        0.9487528344671202,
        0.9492063492063492,
        0.9496598639455782,
        0.9496598639455782,
        0.9492063492063492,
        0.9514739229024943,
        0.9501133786848073,
        0.9489795918367347,
        0.9489795918367347,
        0.9494331065759637,
        0.9498866213151927,
        0.9494331065759637
    ],
    "config": {
        "fcr1_size": 2048,
        "cr1_d": 32,
        "cr2_d": 64,
        "prefix": "n_ea_fr",
        "k": 5,
        "cr3_d": 128,
        "fcr2_size": 512,
        "learn_rate": 0.0008,
        "name": "015",
        "epochs": 32
    },
    "train_time": 225.04523611068726
}