{
    "train_time": 225.31316137313843,
    "test_accuracy": 0.9467141725294003,
    "config": {
        "fcr2_size": 512,
        "epochs": 32,
        "cr2_d": 64,
        "cr3_d": 128,
        "cr1_d": 32,
        "name": "016",
        "learn_rate": 0.0009,
        "prefix": "n_ea_fr",
        "fcr1_size": 2048,
        "k": 5
    },
    "validation_accuracy": [
        0.8845804986229289,
        0.9219954651229235,
        0.9408163265306122,
        0.9482993197278912,
        0.9519274376417234,
        0.9537414965986395,
        0.9514739229024943,
        0.9578231292517007,
        0.9530612244897959,
        0.9482993197278912,
        0.9575963718820861,
        0.9537414965986395,
        0.9600907029478458,
        0.9587301587301588,
        0.9594104308390022,
        0.9596371882086168,
        0.9591836734693877,
        0.9591836734693877,
        0.9594104308390022,
        0.9589569160997733,
        0.9589569160997733,
        0.9589569160997733,
        0.9589569160997733,
        0.9594104308390022,
        0.9600907029478458,
        0.9585034013605442,
        0.9589569160997733,
        0.9585034013605442,
        0.9598639455782313,
        0.9594104308390022,
        0.9587301587301588,
        0.9589569160997733
    ]
}