{
    "test_accuracy": 0.9431512274915796,
    "config": {
        "prefix": "n_ea_fr",
        "cr3_d": 128,
        "fcr2_size": 512,
        "cr1_d": 32,
        "k": 5,
        "fcr1_size": 2048,
        "learn_rate": 0.001,
        "name": "017",
        "epochs": 32,
        "cr2_d": 64
    },
    "validation_accuracy": [
        0.8839002267844012,
        0.9217687074829932,
        0.9195011337868481,
        0.9453514731660181,
        0.9460317463020619,
        0.9526077100208827,
        0.9408163257737279,
        0.9458049889324474,
        0.9553287984562568,
        0.957596372152402,
        0.9589569160997733,
        0.9580498868916311,
        0.9582766442612456,
        0.9591836737397036,
        0.9594104308390022,
        0.9596371884789326,
        0.9591836734693877,
        0.9594104308390022,
        0.9585034013605442,
        0.9582766439909297,
        0.9596371882086168,
        0.9591836734693877,
        0.9589569160997733,
        0.9591836734693877,
        0.9589569160997733,
        0.9591836734693877,
        0.9580498866213152,
        0.9594104308390022,
        0.9578231292517007,
        0.9591836734693877,
        0.9587301587301588,
        0.9585034013605442
    ],
    "train_time": 225.09716725349426
}