{
    "validation_accuracy": [
        0.7691609977324263,
        0.8780045352014555,
        0.9013605442176871,
        0.9149659859079893,
        0.9163265298553606,
        0.935374149659864,
        0.9326530614948056,
        0.9294784570226864,
        0.9401360544217687,
        0.9458049886621315,
        0.9358276643990929,
        0.9365079365079365,
        0.9530612244897959,
        0.9444444444444444,
        0.9514739229024943,
        0.9496598639455782,
        0.9510204081632653,
        0.9469387755102041,
        0.9469387755102041,
        0.953514739229025,
        0.954421768707483,
        0.9553287981859411,
        0.9541950113378684,
        0.9553287981859411,
        0.954875283446712,
        0.9553287981859411,
        0.9555555555555556,
        0.954421768707483,
        0.9537414965986395,
        0.954421768707483,
        0.9546485260770975,
        0.9537414965986395
    ],
    "config": {
        "name": "018",
        "epochs": 32,
        "prefix": "n_ea_fr",
        "cr1_d": 32,
        "learn_rate": 0.0005,
        "fcr2_size": 512,
        "cr2_d": 64,
        "fcr1_size": 2048,
        "k": 2,
        "cr3_d": 128
    },
    "train_time": 195.61025762557983,
    "test_accuracy": 0.9323832148610838
}