{
    "train_time": 197.35345578193665,
    "test_accuracy": 0.9481393510070191,
    "validation_accuracy": [
        0.8705215422204292,
        0.9229024938174657,
        0.9310657596371882,
        0.8852607709750567,
        0.9360544217687075,
        0.9467120181405896,
        0.9614512471655329,
        0.953514739229025,
        0.9482993197278912,
        0.9471655328798186,
        0.9587301587301588,
        0.9512471655328798,
        0.9555555555555556,
        0.9591836734693877,
        0.9609977324263038,
        0.9628117913832199,
        0.9619047619047619,
        0.9621315192743765,
        0.962358276643991,
        0.962358276643991,
        0.9628117913832199,
        0.9630385487528345,
        0.963265306122449,
        0.9628117913832199,
        0.9625850340136054,
        0.9614512471655329,
        0.9625850340136054,
        0.9619047619047619,
        0.9625850340136054,
        0.9619047619047619,
        0.9625850340136054,
        0.9612244897959183
    ],
    "config": {
        "fcr1_size": 2048,
        "cr2_d": 64,
        "fcr2_size": 512,
        "learn_rate": 0.0005,
        "prefix": "n_ea_fr",
        "name": "019",
        "epochs": 32,
        "cr3_d": 128,
        "cr1_d": 32,
        "k": 3
    }
}