{
    "config": {
        "k": 4,
        "cr3_d": 128,
        "cr1_d": 32,
        "epochs": 32,
        "fcr2_size": 512,
        "fcr1_size": 2048,
        "learn_rate": 0.0005,
        "name": "020",
        "cr2_d": 64,
        "prefix": "n_ea_fr"
    },
    "test_accuracy": 0.9456057009674308,
    "validation_accuracy": [
        0.8820861680707693,
        0.9117913834902704,
        0.9501133776576071,
        0.937868480239055,
        0.9414965986394558,
        0.9532879821297263,
        0.9571428571428572,
        0.9612244900662342,
        0.956235827934715,
        0.9619047619047619,
        0.9655328798185941,
        0.9653061224489796,
        0.9648526079800664,
        0.9650793650793651,
        0.9655328798185941,
        0.9650793650793651,
        0.9646258506104519,
        0.9657596374585244,
        0.9634920634920635,
        0.9653061227192954,
        0.9643990929705215,
        0.9653061227192954,
        0.964625850340136,
        0.9639455782312926,
        0.9655328798185941,
        0.9657596371882086,
        0.9655328798185941,
        0.9646258506104519,
        0.964172335600907,
        0.9641723358712229,
        0.964625850340136,
        0.963265306122449
    ],
    "train_time": 218.57932829856873
}