{
    "test_accuracy": 0.946555819401926,
    "validation_accuracy": [
        0.8580498868916311,
        0.9158730161973949,
        0.9390022675736961,
        0.9510204081632653,
        0.9473922902494331,
        0.954875283446712,
        0.9519274376417234,
        0.9528344671201814,
        0.9562358276643991,
        0.9562358276643991,
        0.9616780045351474,
        0.9596371882086168,
        0.9609977324263038,
        0.9603174603174603,
        0.9591836734693877,
        0.9591836734693877,
        0.9591836734693877,
        0.9596371882086168,
        0.9596371882086168,
        0.9585034013605442,
        0.9589569160997733,
        0.9589569160997733,
        0.9585034013605442,
        0.9589569160997733,
        0.9589569160997733,
        0.9589569160997733,
        0.9594104308390022,
        0.9582766439909297,
        0.9591836734693877,
        0.9585034013605442,
        0.9569160997732427,
        0.9585034013605442
    ],
    "config": {
        "fcr1_size": 2048,
        "epochs": 32,
        "learn_rate": 0.0005,
        "cr1_d": 32,
        "k": 5,
        "fcr2_size": 512,
        "prefix": "n_ea_fr",
        "cr2_d": 64,
        "cr3_d": 128,
        "name": "021"
    },
    "train_time": 225.44505381584167
}