{
    "train_time": 233.98566389083862,
    "test_accuracy": 0.9361045133189747,
    "validation_accuracy": [
        0.8451247165803195,
        0.9058956909071562,
        0.9229024943580973,
        0.9226757369614512,
        0.9405895691609978,
        0.9351473922902495,
        0.9414965986394558,
        0.9458049886621315,
        0.9494331065759637,
        0.9476190476190476,
        0.9482993197278912,
        0.9503401360544218,
        0.9501133786848073,
        0.9492063492063492,
        0.9489795918367347,
        0.9507936507936507,
        0.9489795918367347,
        0.9507936507936507,
        0.9498866213151927,
        0.9498866213151927,
        0.9492063492063492,
        0.9498866213151927,
        0.9510204081632653,
        0.9496598639455782,
        0.9503401360544218,
        0.9494331065759637,
        0.9496598639455782,
        0.9507936507936507,
        0.9501133786848073,
        0.9487528344671202,
        0.9512471655328798,
        0.9498866213151927
    ],
    "config": {
        "fcr2_size": 512,
        "cr1_d": 32,
        "prefix": "n_ea_fr",
        "k": 6,
        "name": "022",
        "fcr1_size": 2048,
        "cr2_d": 64,
        "cr3_d": 128,
        "learn_rate": 0.0005,
        "epochs": 32
    }
}