{
    "validation_accuracy": [
        0.8115646250934557,
        0.9126984129687286,
        0.9229024946013816,
        0.92834467147213,
        0.9435374149659864,
        0.9337868480725624,
        0.9437641726059167,
        0.9448979594539894,
        0.943764172335601,
        0.9489795918367347,
        0.9451247168236039,
        0.9469387755102041,
        0.9444444447147603,
        0.9453514739229025,
        0.946031746031746,
        0.9464852607709751,
        0.9453514739229025,
        0.9464852607709751,
        0.9458049886621315,
        0.9464852607709751,
        0.9453514739229025,
        0.946031746031746,
        0.9467120181405896,
        0.9455782312925171,
        0.945124716553288,
        0.944671201814059,
        0.944671201814059,
        0.9448979591836735,
        0.9433106578666878,
        0.9444444444444444,
        0.945124716553288,
        0.9453514739229025
    ],
    "config": {
        "cr1_d": 32,
        "fcr2_size": 512,
        "fcr1_size": 2048,
        "learn_rate": 0.0005,
        "cr2_d": 64,
        "name": "023",
        "epochs": 32,
        "k": 7,
        "cr3_d": 128,
        "prefix": "n_ea_fr"
    },
    "train_time": 230.66196203231812,
    "test_accuracy": 0.9270783846470825
}