{
    "train_time": 554.8438506126404,
    "validation_accuracy": [
        0.8675736964154406,
        0.9294784583202025,
        0.9108843537414966,
        0.9317460317460318,
        0.9403628113048147,
        0.9485260765839055,
        0.9485260770975057,
        0.9521541950113379,
        0.9537414965986395,
        0.9530612244897959,
        0.9546485260770975,
        0.954421768707483,
        0.953514739229025,
        0.954421768707483,
        0.9553287981859411,
        0.954875283446712,
        0.9546485260770975,
        0.954875283446712,
        0.95578231292517,
        0.9551020408163265,
        0.9551020408163265,
        0.9555555555555556,
        0.9546485260770975,
        0.95578231292517,
        0.9555555555555556,
        0.9555555555555556,
        0.9562358276643991,
        0.95578231292517,
        0.9562358276643991,
        0.9555555555555556,
        0.954875283446712,
        0.9560090702947845
    ],
    "config": {
        "learn_rate": 0.0005,
        "cr2_d": 64,
        "fcr2_size": 512,
        "prefix": "n_ea_fr",
        "epochs": 32,
        "cr1_d": 32,
        "cr3_d": 128,
        "fcr1_size": 8192,
        "name": "025",
        "k": 5
    },
    "test_accuracy": 0.9409342832633265
}