{
    "test_accuracy": 0.9449722884197794,
    "train_time": 316.01485443115234,
    "validation_accuracy": [
        0.8902494320793758,
        0.9353741491462638,
        0.9333333323061331,
        0.9430839002267574,
        0.9444444439308444,
        0.9517006802721089,
        0.9553287981859411,
        0.9566893424036281,
        0.9573696145124716,
        0.9591836734693877,
        0.9591836734693877,
        0.9575963718820861,
        0.9589569160997733,
        0.9587301587301588,
        0.9585034013605442,
        0.9585034013605442,
        0.9603174603174603,
        0.9571428571428572,
        0.9582766439909297,
        0.9591836734693877,
        0.9585034013605442,
        0.9589569160997733,
        0.9587301587301588,
        0.9589569160997733,
        0.9587301587301588,
        0.9596371882086168,
        0.9578231292517007,
        0.9594104308390022,
        0.9587301587301588,
        0.9587301587301588,
        0.9594104308390022,
        0.9594104308390022
    ],
    "config": {
        "name": "026",
        "cr2_d": 64,
        "prefix": "n_ea_fr",
        "cr1_d": 32,
        "learn_rate": 0.0005,
        "fcr2_size": 512,
        "k": 5,
        "fcr1_size": 4096,
        "cr3_d": 128,
        "epochs": 32
    }
}