{
    "validation_accuracy": [
        0.867573695928872,
        0.9249433109279123,
        0.938095238365554,
        0.9390022673304119,
        0.9442176873451458,
        0.9464852605547224,
        0.9240362814494542,
        0.9553287984562568,
        0.956235827934715,
        0.9553287984562568,
        0.957142857413173,
        0.957142857413173,
        0.9557823131954859,
        0.9557823131954859,
        0.9555555558258714,
        0.9551020410866424,
        0.9557823131954859,
        0.9546485263474134,
        0.9569161000435584,
        0.9560090705651004,
        0.9551020410866424,
        0.9560090705651004,
        0.956235827934715,
        0.9564625853043295,
        0.9564625853043295,
        0.956235827934715,
        0.9560090705651004,
        0.956689342673944,
        0.956689342673944,
        0.9557823131954859,
        0.956235827934715,
        0.956235827934715
    ],
    "train_time": 225.9640395641327,
    "test_accuracy": 0.9433887568146864,
    "config": {
        "cr1_d": 32,
        "cr2_d": 64,
        "learn_rate": 0.0005,
        "name": "027",
        "k": 5,
        "prefix": "n_ea_fr",
        "cr3_d": 128,
        "fcr1_size": 2048,
        "epochs": 32,
        "fcr2_size": 512
    }
}