{
    "config": {
        "epochs": 32,
        "fcr2_size": 512,
        "learn_rate": 0.0005,
        "cr1_d": 32,
        "fcr1_size": 1024,
        "k": 5,
        "cr3_d": 128,
        "name": "028",
        "cr2_d": 64,
        "prefix": "n_ea_fr"
    },
    "test_accuracy": 0.9370546316779613,
    "train_time": 181.77757716178894,
    "validation_accuracy": [
        0.8621315195446922,
        0.8959183676172546,
        0.9244897959183673,
        0.9240362811791383,
        0.9462585034013605,
        0.946031746031746,
        0.9240362809628856,
        0.9485260770975057,
        0.954875283446712,
        0.953968253968254,
        0.9523809523809523,
        0.9562358276643991,
        0.9537414965986395,
        0.9528344671201814,
        0.953514739229025,
        0.9526077097505669,
        0.9546485260770975,
        0.9526077097505669,
        0.9532879818594104,
        0.953968253968254,
        0.9532879818594104,
        0.9532879818594104,
        0.9528344671201814,
        0.9523809523809523,
        0.9530612244897959,
        0.9521541950113379,
        0.9532879818594104,
        0.9523809523809523,
        0.9526077097505669,
        0.9521541950113379,
        0.9530612244897959,
        0.9532879818594104
    ]
}