{
    "test_accuracy": 0.9389548691698982,
    "config": {
        "cr1_d": 32,
        "learn_rate": 0.0005,
        "cr3_d": 128,
        "fcr2_size": 1024,
        "prefix": "n_ea_fr",
        "epochs": 32,
        "k": 7,
        "fcr1_size": 2048,
        "name": "029",
        "cr2_d": 64
    },
    "train_time": 233.98006796836853,
    "validation_accuracy": [
        0.8648526073042768,
        0.9219954640957233,
        0.9287981862113589,
        0.9333333323061331,
        0.9297052143923009,
        0.9507936510639666,
        0.9528344668768971,
        0.957596372152402,
        0.9605442179573906,
        0.9600907032181617,
        0.9609977326966197,
        0.9619047621750777,
        0.9609977326966197,
        0.9609977326966197,
        0.9612244900662342,
        0.9609977326966197,
        0.9607709753270052,
        0.9609977326966197,
        0.9614512474358488,
        0.9616780048054633,
        0.9612244900662342,
        0.9614512474358488,
        0.9609977326966197,
        0.9612244900662342,
        0.9600907032181617,
        0.9616780048054633,
        0.9612244900662342,
        0.9609977326966197,
        0.9621315195446922,
        0.9612244900662342,
        0.9612244900662342,
        0.9614512474358488
    ]
}