{
    "validation_accuracy": [
        0.8562358274211148,
        0.9070294787283657,
        0.9183673469387755,
        0.9335600907029479,
        0.9263038548752834,
        0.9337868480725624,
        0.9462585034013605,
        0.9410430839002267,
        0.9455782312925171,
        0.9453514739229025,
        0.946031746031746,
        0.9467120181405896,
        0.9448979591836735,
        0.9444444444444444,
        0.9453514739229025,
        0.945124716553288,
        0.944671201814059,
        0.945124716553288,
        0.946031746031746,
        0.9462585034013605,
        0.9453514739229025,
        0.9462585034013605,
        0.9462585034013605,
        0.9458049886621315,
        0.9448979591836735,
        0.946031746031746,
        0.9458049886621315,
        0.9455782312925171,
        0.9462585034013605,
        0.9462585034013605,
        0.9462585034013605,
        0.9476190476190476
    ],
    "test_accuracy": 0.9353919242075862,
    "train_time": 230.4163076877594,
    "config": {
        "epochs": 32,
        "name": "030",
        "fcr2_size": 512,
        "prefix": "n_ea_fr",
        "learn_rate": 0.0005,
        "cr3_d": 128,
        "cr1_d": 32,
        "fcr1_size": 2048,
        "k": 7,
        "cr2_d": 64
    }
}