{
    "config": {
        "prefix": "n_ea_fr",
        "fcr1_size": 2048,
        "name": "031",
        "cr2_d": 64,
        "fcr2_size": 256,
        "epochs": 32,
        "cr1_d": 32,
        "k": 7,
        "cr3_d": 128,
        "learn_rate": 0.0005
    },
    "train_time": 227.4973533153534,
    "validation_accuracy": [
        0.8122448977699626,
        0.8950113373819122,
        0.8954648518508254,
        0.9233560090702948,
        0.9167800445945895,
        0.929705214905901,
        0.9172335595771028,
        0.9276643985793704,
        0.9308390022675737,
        0.939002267060096,
        0.937641722842409,
        0.939002267060096,
        0.938548752320867,
        0.939002267060096,
        0.937641722842409,
        0.937641722842409,
        0.9374149654727945,
        0.9378684802120235,
        0.9378684802120235,
        0.9378684802120235,
        0.9369614507335654,
        0.9387755096904815,
        0.9394557817993251,
        0.9378684802120235,
        0.9383219949512525,
        0.9374149654727945,
        0.9367346933639509,
        0.9374149654727945,
        0.9387755096904815,
        0.9380952375816379,
        0.9383219949512525,
        0.938548752320867
    ],
    "test_accuracy": 0.9250197939521626
}