{
    "validation_accuracy": [
        0.8451247166614143,
        0.9031746031746032,
        0.9260770969920689,
        0.9229024943310657,
        0.9421768707482994,
        0.9510204081632653,
        0.9464852607709751,
        0.9519274376417234,
        0.9546485260770975,
        0.9532879818594104,
        0.9526077097505669,
        0.9530612244897959,
        0.9526077097505669,
        0.9537414965986395,
        0.954421768707483,
        0.9521541950113379,
        0.9526077097505669,
        0.9514739229024943,
        0.9532879818594104,
        0.9530612244897959,
        0.9537414965986395,
        0.9526077097505669,
        0.9541950113378684,
        0.9532879818594104,
        0.9532879818594104,
        0.9526077097505669,
        0.9526077097505669,
        0.9519274376417234,
        0.9517006802721089,
        0.9530612244897959,
        0.9517006802721089,
        0.9523809523809523
    ],
    "test_accuracy": 0.9329374507317351,
    "train_time": 227.5837845802307,
    "config": {
        "prefix": "n_ea_fr",
        "cr3_d": 128,
        "fcr2_size": 128,
        "cr1_d": 32,
        "epochs": 32,
        "k": 7,
        "fcr1_size": 2048,
        "learn_rate": 0.0005,
        "name": "032",
        "cr2_d": 64
    }
}