{
    "train_time": 169.07901668548584,
    "validation_accuracy": [
        0.023809523809523808,
        0.04693877551020408,
        0.04081632653061224,
        0.3507936502530191,
        0.7532879813998735,
        0.8546485253202132,
        0.8825396817827982,
        0.9018140579297159,
        0.9283446701746139,
        0.934240362054907,
        0.9376417223288088,
        0.9394557812857249,
        0.9471655326365344,
        0.9394557818263567,
        0.9424036278746296,
        0.9460317457884617,
        0.947392289735833,
        0.9512471650192798,
        0.946938774996604,
        0.9426303854875283,
        0.9480725623853082,
        0.9530612245168275,
        0.9523809518673523,
        0.9505668934510678,
        0.9503401355408216,
        0.9494331060623636,
        0.9498866210719085,
        0.9507936507936507,
        0.9503401360544218,
        0.946258502914792,
        0.9519274376417234,
        0.9551020405730423
    ],
    "test_accuracy": 0.933254156911175,
    "config": {
        "k": 5,
        "cr1_d": 2,
        "cr1_drop": 1.0,
        "fcr1_drop": 1.0,
        "cr3_d": 8,
        "cr2_drop": 1.0,
        "learn_rate": 0.0005,
        "fcr2_drop": 1.0,
        "cr3_drop": 1.0,
        "fcr2_size": 512,
        "fcr1_size": 2048,
        "name": "033",
        "cr2_d": 4,
        "epochs": 32,
        "prefix": "n_ea_f"
    }
}