{
    "validation_accuracy": [
        0.7827664401796129,
        0.8292517001937035,
        0.8587301587842219,
        0.8718820864381163,
        0.8873015875719031,
        0.884580499136529,
        0.8954648528780256,
        0.902267573966461,
        0.9015873018576175,
        0.8868480728326741,
        0.8807256238530823,
        0.90272108870569,
        0.8975056692045562,
        0.902267573966461,
        0.9122448982294995,
        0.8988662134222433,
        0.9054421771410641,
        0.9065759639891368,
        0.9108843540118124,
        0.9097505671637399,
        0.9117913834902704,
        0.9126984129687286,
        0.9147392292952592,
        0.9145124719256447,
        0.9131519277079576,
        0.9147392292952592,
        0.9145124719256447,
        0.9138321998168011,
        0.912471655599114,
        0.9129251703383431,
        0.9131519277079576,
        0.9154195014041027
    ],
    "train_time": 65.93652248382568,
    "test_accuracy": 0.8927157563155167,
    "config": {
        "cr3_d": 8,
        "name": "033",
        "prefix": "n_ea_fr",
        "fcr2_size": 512,
        "learn_rate": 0.0005,
        "k": 5,
        "cr1_d": 2,
        "cr2_d": 4,
        "epochs": 32,
        "fcr1_size": 2048
    }
}