{
    "test_accuracy": 0.9288994456507909,
    "config": {
        "cr2_d": 8,
        "fcr1_size": 2048,
        "k": 5,
        "learn_rate": 0.0005,
        "fcr2_drop": 1.0,
        "epochs": 32,
        "prefix": "n_ea_f",
        "cr3_d": 16,
        "fcr2_size": 512,
        "cr1_drop": 1.0,
        "cr1_d": 4,
        "name": "034",
        "fcr1_drop": 1.0,
        "cr3_drop": 1.0,
        "cr2_drop": 1.0
    },
    "train_time": 172.41759276390076,
    "validation_accuracy": [
        0.30204081632484114,
        0.6916099772161367,
        0.8056689338078574,
        0.854875283311554,
        0.8839002265411169,
        0.8907029473862681,
        0.9156462582871486,
        0.9179138320103254,
        0.9263038541183991,
        0.9242630380892158,
        0.9160997725398092,
        0.9306122441410748,
        0.925623582306903,
        0.9283446712558773,
        0.9265306120827085,
        0.9362811789491009,
        0.9340136047393557,
        0.9358276636422086,
        0.9390022673574435,
        0.9417233560631335,
        0.9371882081842747,
        0.9283446712558773,
        0.9349206347043822,
        0.9399092962952699,
        0.9410430837110056,
        0.9367346939316142,
        0.9430839000375363,
        0.9430838997401888,
        0.9390022673574435,
        0.9374149657971734,
        0.9356009068132258,
        0.9380952376357011
    ]
}