{
    "validation_accuracy": [
        0.7909297044585352,
        0.8473922900331804,
        0.8843537413073775,
        0.8934240360649265,
        0.9083900221891684,
        0.9145124711687602,
        0.9024943305791912,
        0.91269841248216,
        0.9201814061660074,
        0.909750566893424,
        0.9256235820095555,
        0.9235827656830249,
        0.9253968251805728,
        0.92585033937917,
        0.9258503396494859,
        0.9306122438707589,
        0.9283446707152455,
        0.9326530604676054,
        0.9299319717619154,
        0.93287981783722,
        0.9324263030979909,
        0.9331065752068345,
        0.9326530604676054,
        0.93287981783722,
        0.9326530604676054,
        0.9326530601972896,
        0.9326530604676054,
        0.93287981783722,
        0.9335600899460634,
        0.9335600899460634,
        0.933786847315678,
        0.9335600899460634
    ],
    "config": {
        "cr1_d": 4,
        "epochs": 32,
        "cr2_d": 8,
        "prefix": "n_ea_fr",
        "k": 5,
        "cr3_d": 16,
        "name": "034",
        "learn_rate": 0.0005,
        "fcr2_size": 512,
        "fcr1_size": 2048
    },
    "test_accuracy": 0.9157561363252683,
    "train_time": 72.73325657844543
}