{
    "config": {
        "k": 5,
        "cr3_drop": 1.0,
        "cr2_d": 16,
        "fcr1_drop": 1.0,
        "cr1_d": 8,
        "cr3_d": 32,
        "name": "035",
        "fcr1_size": 2048,
        "prefix": "n_ea_f",
        "cr1_drop": 1.0,
        "fcr2_drop": 1.0,
        "fcr2_size": 512,
        "epochs": 32,
        "cr2_drop": 1.0,
        "learn_rate": 0.0005
    },
    "validation_accuracy": [
        0.27687074802900385,
        0.7340136057124927,
        0.8297052154195012,
        0.8777777777777778,
        0.8879818594104308,
        0.9058956916099773,
        0.9172335600907029,
        0.9344671201814059,
        0.9385487528344671,
        0.9344671201814059,
        0.9430839002267574,
        0.9532879818594104,
        0.9523809523809523,
        0.9503401360544218,
        0.954875283446712,
        0.9528344671201814,
        0.9582766439909297,
        0.9494331065759637,
        0.9548752824195118,
        0.9532879818594104,
        0.9585034006036598,
        0.9596371882086168,
        0.9603174603174603,
        0.9582766439909297,
        0.9589569160997733,
        0.9603174592902601,
        0.9591836737397036,
        0.9628117913832199,
        0.9582766429637295,
        0.9573696145124716,
        0.962358276643991,
        0.9575963708548859
    ],
    "train_time": 221.1003875732422,
    "test_accuracy": 0.944576405232989
}