{
    "train_time": 92.3000283241272,
    "validation_accuracy": [
        0.825396824639941,
        0.8800453513387649,
        0.8977324252766546,
        0.9081632655764383,
        0.9204081635356219,
        0.9249433106575964,
        0.9247165532879819,
        0.9319727891156463,
        0.9371882086167801,
        0.9331065759637188,
        0.9401360544217687,
        0.9342403630821072,
        0.9435374149659864,
        0.9464852607709751,
        0.943764172335601,
        0.9462585034013605,
        0.9426303854875283,
        0.9444444444444444,
        0.9453514739229025,
        0.9448979591836735,
        0.9455782312925171,
        0.9458049886621315,
        0.943764172335601,
        0.944671201814059,
        0.9444444444444444,
        0.9442176870748299,
        0.9464852607709751,
        0.9453514739229025,
        0.9458049886621315,
        0.9455782312925171,
        0.946031746031746,
        0.9464852607709751
    ],
    "config": {
        "prefix": "n_ea_fr",
        "cr3_d": 32,
        "cr1_d": 8,
        "k": 5,
        "fcr2_size": 512,
        "learn_rate": 0.0005,
        "cr2_d": 16,
        "name": "035",
        "fcr1_size": 2048,
        "epochs": 32
    },
    "test_accuracy": 0.9307205069848496
}