{
    "config": {
        "learn_rate": 0.0005,
        "fcr2_size": 512,
        "epochs": 32,
        "cr1_d": 16,
        "cr3_d": 64,
        "cr2_d": 32,
        "fcr1_size": 2048,
        "name": "036",
        "k": 5,
        "prefix": "n_ea_fr"
    },
    "train_time": 131.45851182937622,
    "validation_accuracy": [
        0.8530612242735433,
        0.893650793434541,
        0.9281179128049993,
        0.9120181395623689,
        0.9337868470453621,
        0.9292517010046512,
        0.9392290247270579,
        0.939909296024954,
        0.9521541939841376,
        0.9471655318526183,
        0.9489795908095344,
        0.9528344660929812,
        0.9510204071360651,
        0.9521541939841376,
        0.9512471645056796,
        0.950566892396836,
        0.950566892396836,
        0.9519274366145232,
        0.9510204071360651,
        0.9507936497664505,
        0.949659862918378,
        0.9510204071360651,
        0.9507936497664505,
        0.9514739218752941,
        0.9512471645056796,
        0.9489795908095344,
        0.9507936497664505,
        0.950566892396836,
        0.948299318700691,
        0.9503401350272216,
        0.9501133776576071,
        0.9503401350272216
    ],
    "test_accuracy": 0.9374505144211384
}