{
    "validation_accuracy": [
        0.299546485260771,
        0.7732426303854876,
        0.8650793648360808,
        0.9229024940877815,
        0.9344671204517218,
        0.9424036283882297,
        0.9560090705651004,
        0.9655328798185941,
        0.9616780048054633,
        0.9662131521977535,
        0.9587301587301588,
        0.9736961451247166,
        0.9600907029478458,
        0.9750566893424036,
        0.9757369614512472,
        0.9770975056689343,
        0.9750566893424036,
        0.9734693877551021,
        0.9702947848508147,
        0.9786848072562359,
        0.9795918362210938,
        0.9759637188208616,
        0.9773242630385488,
        0.9809523809523809,
        0.9757369614512472,
        0.9702947845804989,
        0.9689342396059274,
        0.9757369614512472,
        0.9698412688140696,
        0.981859410430839,
        0.9734693867279018,
        0.9750566893424036
    ],
    "test_accuracy": 0.9643705463182898,
    "config": {
        "k": 5,
        "cr3_drop": 1.0,
        "prefix": "n_ea_f",
        "cr1_d": 16,
        "cr3_d": 64,
        "cr2_drop": 1.0,
        "epochs": 32,
        "cr1_drop": 1.0,
        "learn_rate": 0.0005,
        "fcr1_size": 2048,
        "fcr1_drop": 1.0,
        "fcr2_size": 512,
        "name": "036",
        "fcr2_drop": 1.0,
        "cr2_d": 32
    },
    "train_time": 326.3705768585205
}