{
    "validation_accuracy": [
        0.8705215419501133,
        0.9253968253968254,
        0.9317460309891473,
        0.9294784578336339,
        0.9528344671201814,
        0.9473922902494331,
        0.9553287981859411,
        0.9566893424036281,
        0.9598639455782313,
        0.9600907029478458,
        0.9587301587301588,
        0.9587301587301588,
        0.9589569160997733,
        0.9582766439909297,
        0.9591836734693877,
        0.9591836734693877,
        0.9591836734693877,
        0.9591836734693877,
        0.9596371882086168,
        0.9585034013605442,
        0.9594104308390022,
        0.9578231292517007,
        0.9573696145124716,
        0.9589569160997733,
        0.9585034013605442,
        0.9589569160997733,
        0.9585034013605442,
        0.9585034013605442,
        0.9582766439909297,
        0.9580498866213152,
        0.9578231292517007,
        0.9585034013605442
    ],
    "test_accuracy": 0.9454473474340975,
    "config": {
        "epochs": 32,
        "fcr1_size": 2048,
        "learn_rate": 0.0005,
        "fcr2_size": 512,
        "k": 5,
        "cr2_d": 64,
        "cr1_d": 32,
        "prefix": "n_ea_fr",
        "cr3_d": 128,
        "name": "037"
    },
    "train_time": 226.2022521495819
}