{
    "config": {
        "fcr2_drop": 1.0,
        "prefix": "n_ea_f",
        "cr1_d": 32,
        "cr1_drop": 1.0,
        "epochs": 32,
        "k": 5,
        "fcr2_size": 512,
        "cr2_drop": 1.0,
        "cr3_drop": 1.0,
        "cr2_d": 64,
        "learn_rate": 0.0005,
        "name": "037",
        "fcr1_size": 2048,
        "cr3_d": 128,
        "fcr1_drop": 1.0
    },
    "validation_accuracy": [
        0.5775510205973844,
        0.8562358271778305,
        0.9061224484930233,
        0.9385487531047829,
        0.9455782315628328,
        0.9498866215855086,
        0.9596371882356484,
        0.9625850337703212,
        0.967346938532226,
        0.9675736964154406,
        0.9712018138156726,
        0.9718820864381164,
        0.9734693877551021,
        0.9727891156462585,
        0.9709750566893424,
        0.9723356011773453,
        0.97437641723356,
        0.9761904761904762,
        0.9741496598639455,
        0.9696145124716553,
        0.9646258506104519,
        0.9732426301422032,
        0.9775510204081632,
        0.9791383219954648,
        0.9680272108843537,
        0.9761904761904762,
        0.9709750566893424,
        0.9752834467120182,
        0.9714285714285714,
        0.9748299319727891,
        0.9752834467120182,
        0.9773242630385488
    ],
    "train_time": 564.5004117488861,
    "test_accuracy": 0.9679334916109521
}