{
    "test_accuracy": 0.9444180520677604,
    "config": {
        "name": "038",
        "prefix": "n_ea_fr",
        "epochs": 32,
        "cr3_d": 256,
        "fcr2_size": 512,
        "learn_rate": 0.0005,
        "fcr1_size": 2048,
        "cr2_d": 128,
        "cr1_d": 64,
        "k": 5
    },
    "train_time": 442.44140219688416,
    "validation_accuracy": [
        0.8791383222657807,
        0.9238095240798396,
        0.9374149652295102,
        0.9349206351909508,
        0.9471655318526183,
        0.9517006805424247,
        0.9560090702947845,
        0.9512471655328798,
        0.9489795918367347,
        0.9571428571428572,
        0.9562358276643991,
        0.9571428571428572,
        0.9560090702947845,
        0.9562358276643991,
        0.9562358276643991,
        0.9553287981859411,
        0.95578231292517,
        0.9571428571428572,
        0.9562358276643991,
        0.9551020408163265,
        0.9555555555555556,
        0.9575963718820861,
        0.95578231292517,
        0.9560090702947845,
        0.9566893424036281,
        0.9560090702947845,
        0.9573696145124716,
        0.9562358276643991,
        0.9566893424036281,
        0.9566893424036281,
        0.9555555555555556,
        0.9560090702947845
    ]
}