{
    "train_time": 1091.9754157066345,
    "config": {
        "cr3_d": 256,
        "fcr2_drop": 1.0,
        "name": "038",
        "cr1_drop": 1.0,
        "prefix": "n_ea_f",
        "fcr1_drop": 1.0,
        "cr1_d": 64,
        "cr2_drop": 1.0,
        "cr3_drop": 1.0,
        "fcr2_size": 512,
        "cr2_d": 128,
        "k": 5,
        "epochs": 32,
        "fcr1_size": 2048,
        "learn_rate": 0.0005
    },
    "validation_accuracy": [
        0.3811791377543322,
        0.8532879818594105,
        0.9233560088540421,
        0.9600907024612773,
        0.9657596374585244,
        0.9727891156462585,
        0.9675736961451247,
        0.9757369614512472,
        0.9793650793650793,
        0.9807256235827665,
        0.9807256235827665,
        0.9730158722589887,
        0.9868480725623583,
        0.9852607709750567,
        0.9861678004535147,
        0.97437641723356,
        0.9868480725623583,
        0.9868480725623583,
        0.98140589569161,
        0.9863945580934451,
        0.9820861678004535,
        0.9888888888888889,
        0.9854875278310711,
        0.981859410430839,
        0.9866213151927438,
        0.9870748302022886,
        0.9886621315192744,
        0.9857142857142858,
        0.9873015873015873,
        0.9879818594104308,
        0.9829931972789115,
        0.9879818594104308
    ],
    "test_accuracy": 0.9703087885608205
}