{
    "validation_accuracy": [
        0.45328798134581033,
        0.6886621315733376,
        0.7616780038323262,
        0.8079365074229078,
        0.8707482990764436,
        0.8947845804988662,
        0.9120181405895692,
        0.9233560088270105,
        0.9238095235662396,
        0.9453514736796182,
        0.9333333333333333,
        0.9478458047453778,
        0.9378684809959394,
        0.956235827934715,
        0.9555555553122713,
        0.9560090700515003,
        0.9580498863780309,
        0.9562358274211148,
        0.9598639458485472,
        0.9609977321830195,
        0.9684807256235828,
        0.9541950105809841,
        0.9641723358712229,
        0.9634920634920635,
        0.9684807253802985,
        0.9623582758871065,
        0.965079365349681,
        0.9616780048054633,
        0.9634920637623794,
        0.9678004527578549,
        0.9666666669369826,
        0.968253968010684
    ],
    "test_accuracy": 0.9488519397503029,
    "config": {
        "learn_rate": 0.0005,
        "cr1_drop": 0.4,
        "fcr2_drop": 1.0,
        "name": "039",
        "cr3_drop": 1.0,
        "cr2_d": 64,
        "epochs": 32,
        "cr2_drop": 1.0,
        "prefix": "n_ea_f",
        "k": 3,
        "fcr2_size": 512,
        "fcr1_size": 2048,
        "cr1_d": 32,
        "cr3_d": 128,
        "fcr1_drop": 1.0
    },
    "train_time": 512.3775963783264
}