{
    "test_accuracy": 0.9491686460430058,
    "train_time": 511.44807410240173,
    "config": {
        "fcr1_drop": 1.0,
        "cr2_d": 64,
        "name": "040",
        "epochs": 32,
        "cr2_drop": 1.0,
        "cr1_drop": 0.5,
        "cr3_drop": 1.0,
        "learn_rate": 0.0005,
        "prefix": "n_ea_f",
        "cr1_d": 32,
        "k": 3,
        "cr3_d": 128,
        "fcr2_size": 512,
        "fcr2_drop": 1.0,
        "fcr1_size": 2048
    },
    "validation_accuracy": [
        0.4900226757910246,
        0.7560090692675844,
        0.8131519272213891,
        0.8852607702181723,
        0.8882086170503612,
        0.9088435376852818,
        0.9240362814494542,
        0.9317460307188316,
        0.9299319717619154,
        0.9473922902494331,
        0.953514739229025,
        0.947845805258978,
        0.9492063492063492,
        0.9596371871814166,
        0.956689342673944,
        0.9591836737397036,
        0.9623582769143068,
        0.9578231295220165,
        0.9702947848508147,
        0.9668934237929969,
        0.9696145127419712,
        0.9625850342839213,
        0.9725623585469598,
        0.9736961453950324,
        0.9698412701115857,
        0.9657596374585244,
        0.97437641723356,
        0.97437641723356,
        0.9773242633088646,
        0.9707482995900437,
        0.9727891159165744,
        0.9718820864381164
    ]
}