{
    "validation_accuracy": [
        0.4260770967487846,
        0.7333333336036492,
        0.8399092965655857,
        0.8832199541619575,
        0.9142857142857143,
        0.9285714285714286,
        0.9455782312925171,
        0.9530612244897959,
        0.9616780045351474,
        0.9619047619047619,
        0.9607709753270052,
        0.9628117916535358,
        0.9637188211319938,
        0.9655328800889099,
        0.9671201814058957,
        0.9666666669369826,
        0.9730158732861889,
        0.9637188211319938,
        0.9702947848508147,
        0.9687074832635131,
        0.9664399092970521,
        0.9687074829931973,
        0.9727891159165744,
        0.9777777777777777,
        0.9741496598639455,
        0.9784580501569372,
        0.9739229027646469,
        0.9700680274812002,
        0.973015873015873,
        0.9705215422204292,
        0.9718820864381164,
        0.9795918370050097
    ],
    "config": {
        "name": "041",
        "fcr1_drop": 1.0,
        "cr1_drop": 0.6,
        "fcr2_drop": 1.0,
        "k": 3,
        "cr2_drop": 1.0,
        "cr1_d": 32,
        "cr2_d": 64,
        "fcr2_size": 512,
        "prefix": "n_ea_f",
        "epochs": 32,
        "fcr1_size": 2048,
        "learn_rate": 0.0005,
        "cr3_d": 128,
        "cr3_drop": 1.0
    },
    "test_accuracy": 0.9623119555856157,
    "train_time": 515.1842203140259
}