{
    "validation_accuracy": [
        0.3809523808983178,
        0.6782312914898065,
        0.7947845800122977,
        0.8603174598038602,
        0.8809523801954966,
        0.9129251700680272,
        0.93129251679055,
        0.9321995467555766,
        0.9419501133786848,
        0.9519274376417234,
        0.9528344668768971,
        0.9541950113378684,
        0.9526077087233666,
        0.9598639450646311,
        0.9664399082698519,
        0.9666666656394665,
        0.9621315195446922,
        0.9614512461383327,
        0.9671201803786955,
        0.9657596374585244,
        0.9664399082698519,
        0.9662131521977535,
        0.9673469377483099,
        0.9684807258938987,
        0.9698412690843855,
        0.9680272098571535,
        0.9605442179573906,
        0.9666666669369826,
        0.9700680264539999,
        0.9668934243065971,
        0.9687074832635131,
        0.9702947838236144
    ],
    "train_time": 513.0793843269348,
    "config": {
        "k": 3,
        "cr3_d": 128,
        "fcr2_drop": 1.0,
        "epochs": 32,
        "cr3_drop": 1.0,
        "cr2_drop": 1.0,
        "cr1_d": 32,
        "cr1_drop": 0.7,
        "cr2_d": 64,
        "fcr1_drop": 1.0,
        "learn_rate": 0.0005,
        "fcr1_size": 2048,
        "prefix": "n_ea_f",
        "fcr2_size": 512,
        "name": "042"
    },
    "test_accuracy": 0.9525732382459482
}