{
    "train_time": 512.9668736457825,
    "config": {
        "cr1_drop": 0.8,
        "cr2_drop": 1.0,
        "fcr2_size": 512,
        "k": 3,
        "fcr2_drop": 1.0,
        "learn_rate": 0.0005,
        "cr1_d": 32,
        "cr3_drop": 1.0,
        "epochs": 32,
        "prefix": "n_ea_f",
        "fcr1_drop": 1.0,
        "name": "043",
        "fcr1_size": 2048,
        "cr2_d": 64,
        "cr3_d": 128
    },
    "validation_accuracy": [
        0.49909296995387864,
        0.7013605445420661,
        0.8165532877656068,
        0.8653061227733586,
        0.8972789118349417,
        0.9015873018576175,
        0.9251700677839266,
        0.9217687072397089,
        0.9324263036115911,
        0.9374149659863945,
        0.9417233562793862,
        0.9464852605276908,
        0.9453514739229025,
        0.9462585034013605,
        0.9555555555555556,
        0.9532879818594104,
        0.9612244897959183,
        0.9535147394993408,
        0.953514739229025,
        0.9562358276643991,
        0.9587301590004745,
        0.9582766439909297,
        0.9641723358712229,
        0.9587301590004745,
        0.9637188211319938,
        0.9662131521977535,
        0.9600907032181617,
        0.9514739231728102,
        0.9634920632487792,
        0.9575963718820861,
        0.9632653063927649,
        0.9560090705651004
    ],
    "test_accuracy": 0.9524148850807196
}