{
    "config": {
        "epochs": 32,
        "learn_rate": 0.0005,
        "prefix": "n_ea_f",
        "cr3_d": 128,
        "fcr2_drop": 1.0,
        "cr3_drop": 1.0,
        "fcr1_size": 2048,
        "k": 3,
        "cr2_drop": 1.0,
        "name": "044",
        "cr1_drop": 0.9,
        "cr2_d": 64,
        "fcr1_drop": 1.0,
        "cr1_d": 32,
        "fcr2_size": 512
    },
    "validation_accuracy": [
        0.5229024943851289,
        0.7478458050156938,
        0.8453514741932183,
        0.8859410433542161,
        0.8954648526077098,
        0.911111111381427,
        0.931972788872362,
        0.9278911567329009,
        0.9399092970521542,
        0.9448979591836735,
        0.9469387755102041,
        0.9537414965986395,
        0.9573696145124716,
        0.9548752829331119,
        0.9591836732261035,
        0.9609977324263038,
        0.9594104308390022,
        0.9571428571428572,
        0.963718820861678,
        0.962358276643991,
        0.9569160997732427,
        0.9682539682539683,
        0.965079365349681,
        0.9630385487528345,
        0.9664399092970521,
        0.9662131519274376,
        0.9621315192743765,
        0.9709750566893424,
        0.9643990929705215,
        0.964172335600907,
        0.9675736961451247,
        0.9680272108843537
    ],
    "test_accuracy": 0.9569279491382275,
    "train_time": 510.8834240436554
}