{
    "validation_accuracy": [
        0.5709750567434055,
        0.7954648524455202,
        0.8791383215088964,
        0.9122448980132468,
        0.9249433109819754,
        0.9430839005511363,
        0.943537414209102,
        0.9464852600140907,
        0.952380951624068,
        0.9535147394993408,
        0.9551020397891263,
        0.9582766429637295,
        0.9630385487528345,
        0.9623582756167907,
        0.9653061219353795,
        0.9625850329864052,
        0.9682539685242841,
        0.9600907019206456,
        0.9657596374585244,
        0.9641723345737068,
        0.9666666656394665,
        0.967800452487539,
        0.9734693867279018,
        0.9684807245963826,
        0.9741496588367453,
        0.9730158732861889,
        0.9698412693276697,
        0.9712018135453568,
        0.9662131509002374,
        0.9743764162063598,
        0.9662131521977535,
        0.9773242625249486
    ],
    "test_accuracy": 0.958986539908656,
    "config": {
        "cr3_drop": 1.0,
        "fcr1_size": 2048,
        "epochs": 32,
        "cr1_d": 32,
        "k": 3,
        "cr3_d": 128,
        "fcr1_drop": 1.0,
        "cr2_drop": 0.4,
        "fcr2_size": 512,
        "cr2_d": 64,
        "cr1_drop": 1.0,
        "prefix": "n_ea_f",
        "name": "045",
        "fcr2_drop": 1.0,
        "learn_rate": 0.0005
    },
    "train_time": 504.9634006023407
}