{
    "train_time": 504.8044328689575,
    "test_accuracy": 0.9666666666289123,
    "config": {
        "cr3_d": 128,
        "epochs": 32,
        "cr3_drop": 1.0,
        "learn_rate": 0.0005,
        "name": "046",
        "fcr1_drop": 1.0,
        "cr1_drop": 1.0,
        "cr2_drop": 0.5,
        "fcr2_drop": 1.0,
        "prefix": "n_ea_f",
        "cr2_d": 64,
        "fcr1_size": 2048,
        "fcr2_size": 512,
        "cr1_d": 32,
        "k": 3
    },
    "validation_accuracy": [
        0.48117913759214265,
        0.7748299317295049,
        0.8424036283882297,
        0.8952380952380953,
        0.9335600907029479,
        0.9390022668168118,
        0.9560090692675843,
        0.9551020400594421,
        0.9598639455782313,
        0.9639455782312926,
        0.9628117913832199,
        0.9712018140589569,
        0.9678004535147392,
        0.9605442176870749,
        0.973015873015873,
        0.9718820861678005,
        0.9693877551020408,
        0.9700680272108844,
        0.9766439909297052,
        0.9696145124716553,
        0.9748299319727891,
        0.9761904761904762,
        0.9757369614512472,
        0.9766439909297052,
        0.9791383219954648,
        0.9764172335600907,
        0.9764172335600907,
        0.9784580498866213,
        0.973015873015873,
        0.9775510204081632,
        0.97437641723356,
        0.973015872502273
    ]
}