{
    "config": {
        "cr2_drop": 0.6,
        "fcr1_drop": 1.0,
        "name": "047",
        "prefix": "n_ea_f",
        "cr3_drop": 1.0,
        "cr3_d": 128,
        "learn_rate": 0.0005,
        "fcr2_drop": 1.0,
        "cr1_drop": 1.0,
        "epochs": 32,
        "cr1_d": 32,
        "k": 3,
        "fcr1_size": 2048,
        "fcr2_size": 512,
        "cr2_d": 64
    },
    "validation_accuracy": [
        0.4988662132059906,
        0.7816326523043401,
        0.8843537414965986,
        0.9034013605442177,
        0.9199546485260771,
        0.9439909297052154,
        0.9575963718820861,
        0.9478458049886621,
        0.9573696145124716,
        0.9600907029478458,
        0.9659863945578231,
        0.959410429811802,
        0.9628117913832199,
        0.9736961451247166,
        0.9700680272108844,
        0.9684807256235828,
        0.9671201814058957,
        0.97437641723356,
        0.972108843537415,
        0.9700680272108844,
        0.9764172335600907,
        0.9755102040816327,
        0.9723356009070295,
        0.97437641723356,
        0.9757369614512472,
        0.9718820861678005,
        0.9773242630385488,
        0.9757369614512472,
        0.9798185941043084,
        0.9750566896127195,
        0.9764172335600907,
        0.972108843537415
    ],
    "test_accuracy": 0.9577197148888619,
    "train_time": 505.6415138244629
}