{
    "config": {
        "prefix": "n_ea_f",
        "cr3_d": 128,
        "k": 3,
        "learn_rate": 0.0005,
        "cr1_d": 32,
        "cr2_drop": 0.7,
        "fcr1_size": 2048,
        "fcr2_size": 512,
        "cr2_d": 64,
        "name": "048",
        "epochs": 32,
        "cr3_drop": 1.0,
        "cr1_drop": 1.0,
        "fcr1_drop": 1.0,
        "fcr2_drop": 1.0
    },
    "train_time": 508.5777153968811,
    "validation_accuracy": [
        0.5553287979696884,
        0.7888888888888889,
        0.8793650791217951,
        0.8904761902329063,
        0.9301587301857618,
        0.9378684809959394,
        0.9419501131354006,
        0.9444444447147603,
        0.9498866215855086,
        0.9503401358111375,
        0.9596371884789326,
        0.9541950110945843,
        0.9650793645927965,
        0.9507936507936507,
        0.9591836732261035,
        0.9709750566893424,
        0.9641723356279386,
        0.9648526077097506,
        0.967346939045826,
        0.9671201814058957,
        0.9621315187878079,
        0.969614512228371,
        0.9689342406331276,
        0.9668934240633128,
        0.9625850337703212,
        0.9682539685242841,
        0.9659863938009388,
        0.9539682529410537,
        0.9643990932408374,
        0.9691609980027421,
        0.9614512469222486,
        0.9673469387755103
    ],
    "test_accuracy": 0.9558986537341362
}