{
    "validation_accuracy": [
        0.5843537408478406,
        0.7764172325328905,
        0.8680272111546696,
        0.9068027213587512,
        0.92834467147213,
        0.9340136057124927,
        0.9521541952816537,
        0.9458049889324474,
        0.9469387755102041,
        0.9517006802721089,
        0.9612244897959183,
        0.9580498861347466,
        0.9607709748134051,
        0.9657596372152402,
        0.9653061216920952,
        0.9646258498535675,
        0.9675736961721563,
        0.9730158730429046,
        0.9691609977324263,
        0.9682539682539683,
        0.9725623577900755,
        0.9718820859245162,
        0.9693877551020408,
        0.9632653053655647,
        0.9696145127419712,
        0.9761904754335918,
        0.9707482993467594,
        0.9702947845804989,
        0.9786848072562359,
        0.9739229024943311,
        0.966439909567368,
        0.971655328798186
    ],
    "train_time": 504.0757849216461,
    "test_accuracy": 0.9567695960485076,
    "config": {
        "cr3_drop": 1.0,
        "k": 3,
        "cr1_d": 32,
        "epochs": 32,
        "fcr1_size": 2048,
        "fcr2_size": 512,
        "prefix": "n_ea_f",
        "name": "049",
        "cr3_d": 128,
        "fcr2_drop": 1.0,
        "cr2_drop": 0.8,
        "cr1_drop": 1.0,
        "learn_rate": 0.0005,
        "fcr1_drop": 1.0,
        "cr2_d": 64
    }
}