{
    "config": {
        "fcr2_drop": 1.0,
        "prefix": "n_ea_f",
        "cr1_drop": 1.0,
        "cr2_drop": 0.9,
        "epochs": 32,
        "fcr2_size": 512,
        "fcr1_size": 2048,
        "k": 3,
        "fcr1_drop": 1.0,
        "cr2_d": 64,
        "name": "050",
        "cr3_drop": 1.0,
        "learn_rate": 0.0005,
        "cr3_d": 128,
        "cr1_d": 32
    },
    "test_accuracy": 0.9470308787465945,
    "validation_accuracy": [
        0.6117913827874493,
        0.8156462585034013,
        0.8879818594374624,
        0.9206349206619522,
        0.9458049889324474,
        0.9498866210719085,
        0.9521541950113379,
        0.9594104311093181,
        0.9609977326966197,
        0.9575963708548859,
        0.9623582761574224,
        0.9671201814058957,
        0.9718820861678005,
        0.9575963708548859,
        0.9675736959018405,
        0.9712018138156726,
        0.9714285711852871,
        0.9687074829931973,
        0.9707482990764437,
        0.976190476460792,
        0.9607709748674682,
        0.9714285716988873,
        0.9739229017374467,
        0.9750566896127195,
        0.9709750566893424,
        0.9750566885855193,
        0.9725623585469598,
        0.9764172338304066,
        0.9687074829931973,
        0.9687074832635131,
        0.9723356011773453,
        0.9707482993197278
    ],
    "train_time": 506.4353952407837
}