{
    "train_time": 500.01713466644287,
    "validation_accuracy": [
        0.4897959178807784,
        0.8027210874081739,
        0.8517006797585087,
        0.9015873010737014,
        0.927437641723356,
        0.9405895694313136,
        0.9544217689777988,
        0.949206349476665,
        0.9555555558258714,
        0.9659863945578231,
        0.9575963718820861,
        0.9634920632487792,
        0.9666666659097823,
        0.9709750564460582,
        0.9680272108843537,
        0.9693877551020408,
        0.971655328798186,
        0.967346938532226,
        0.9693877551020408,
        0.9655328798185941,
        0.9700680272108844,
        0.9739229024943311,
        0.9736961451247166,
        0.9680272108843537,
        0.9716553290685018,
        0.9759637188208616,
        0.9707482995900437,
        0.9691609977324263,
        0.9746031746031746,
        0.9764172338304066,
        0.9741496601342614,
        0.9718820861678005
    ],
    "config": {
        "cr1_drop": 1.0,
        "prefix": "n_ea_f",
        "fcr2_drop": 1.0,
        "learn_rate": 0.0005,
        "k": 3,
        "name": "051",
        "cr3_drop": 0.4,
        "cr2_drop": 1.0,
        "fcr1_size": 2048,
        "epochs": 32,
        "fcr1_drop": 1.0,
        "cr3_d": 128,
        "cr2_d": 64,
        "fcr2_size": 512,
        "cr1_d": 32
    },
    "test_accuracy": 0.9567695961240162
}