{
    "validation_accuracy": [
        0.4888888888753731,
        0.7612244899040447,
        0.871655328798186,
        0.9095238084966093,
        0.9179138324698624,
        0.9326530614948056,
        0.9405895681337975,
        0.9453514741932183,
        0.9600907032181617,
        0.9637188211319938,
        0.9562358276643991,
        0.9643990932408374,
        0.9630385490231503,
        0.965079365349681,
        0.9721088438077308,
        0.9646258506104519,
        0.9741496601342614,
        0.9648526079800664,
        0.9739229027646469,
        0.9698412701115857,
        0.974829932243105,
        0.9750566896127195,
        0.9716553290685018,
        0.9750566896127195,
        0.9723356011773453,
        0.974829932243105,
        0.9721088438077308,
        0.9759637190911775,
        0.9764172338304066,
        0.9716553290685018,
        0.9730158732861889,
        0.9736961453950324
    ],
    "test_accuracy": 0.9552652413752564,
    "train_time": 499.6825089454651,
    "config": {
        "cr1_d": 32,
        "fcr2_drop": 1.0,
        "fcr2_size": 512,
        "k": 3,
        "cr3_d": 128,
        "cr3_drop": 0.5,
        "name": "052",
        "cr1_drop": 1.0,
        "learn_rate": 0.0005,
        "fcr1_drop": 1.0,
        "cr2_drop": 1.0,
        "cr2_d": 64,
        "prefix": "n_ea_f",
        "epochs": 32,
        "fcr1_size": 2048
    }
}