{
    "config": {
        "fcr2_drop": 1.0,
        "k": 3,
        "cr1_d": 32,
        "prefix": "n_ea_f",
        "fcr2_size": 512,
        "learn_rate": 0.0005,
        "cr2_drop": 1.0,
        "epochs": 32,
        "name": "053",
        "fcr1_size": 2048,
        "cr1_drop": 1.0,
        "cr3_d": 128,
        "fcr1_drop": 1.0,
        "cr3_drop": 0.6,
        "cr2_d": 64
    },
    "test_accuracy": 0.96191607276693,
    "train_time": 501.8979160785675,
    "validation_accuracy": [
        0.5979591837545641,
        0.8464852605276908,
        0.8986394555390287,
        0.9276643991470337,
        0.9342403625685071,
        0.9517006805424247,
        0.9496598642158941,
        0.9578231295220165,
        0.966439909567368,
        0.9591836734693877,
        0.9628117913832199,
        0.9682539682539683,
        0.972108843537415,
        0.972108843537415,
        0.9675736961451247,
        0.9732426303854875,
        0.9727891156462585,
        0.9698412698412698,
        0.971655328798186,
        0.9741496591070612,
        0.9773242630385488,
        0.9766439909297052,
        0.9736961451247166,
        0.9712018140589569,
        0.9743764164766757,
        0.9764172335600907,
        0.9766439909297052,
        0.9734693880254179,
        0.9777777777777777,
        0.9761904761904762,
        0.9734693880254179,
        0.9746031746031746
    ]
}