{
    "test_accuracy": 0.9591448930361303,
    "config": {
        "learn_rate": 0.0005,
        "cr2_d": 64,
        "prefix": "n_ea_f",
        "epochs": 32,
        "cr1_d": 32,
        "name": "054",
        "cr2_drop": 1.0,
        "fcr1_size": 2048,
        "cr1_drop": 1.0,
        "fcr2_drop": 1.0,
        "k": 3,
        "cr3_drop": 0.7,
        "fcr1_drop": 1.0,
        "cr3_d": 128,
        "fcr2_size": 512
    },
    "train_time": 498.64677929878235,
    "validation_accuracy": [
        0.5680272098571535,
        0.7904761907465063,
        0.8723356009881242,
        0.8972789118349417,
        0.9308390022675737,
        0.9464852607709751,
        0.9546485260770975,
        0.9473922902494331,
        0.9691609977324263,
        0.9666666669369826,
        0.9630385490231503,
        0.9643990929705215,
        0.9650793650793651,
        0.9655328798185941,
        0.9655328798185941,
        0.971655328798186,
        0.9700680272108844,
        0.9732426306558034,
        0.9732426306558034,
        0.9750566893424036,
        0.9748299319727891,
        0.9768707482993197,
        0.9718820864381164,
        0.9730158727725887,
        0.967800452487539,
        0.9775510206784791,
        0.9820861680707693,
        0.9784580501569372,
        0.9784580501569372,
        0.9798185941043084,
        0.9777777777777777,
        0.9764172335600907
    ]
}