{
    "validation_accuracy": [
        0.490702948170184,
        0.8090702947845805,
        0.8709750566893424,
        0.923129251457396,
        0.930158730429046,
        0.9426303857578442,
        0.9591836737397036,
        0.9544217689777988,
        0.9605442179573906,
        0.9614512474358488,
        0.9680272106410694,
        0.9716553290685018,
        0.9723356011773453,
        0.976190476460792,
        0.9732426306558034,
        0.9702947843372146,
        0.9786848075265516,
        0.9741496601342614,
        0.9775510206784791,
        0.9712018135723884,
        0.9777777780480936,
        0.968707482749913,
        0.976190476460792,
        0.9741496596206614,
        0.9730158732861889,
        0.9734693875118178,
        0.9791383222657807,
        0.9741496601342614,
        0.9755102038383484,
        0.969614512228371,
        0.9712018143292728,
        0.9739229027646469
    ],
    "test_accuracy": 0.9657165477885581,
    "train_time": 496.3631706237793,
    "config": {
        "name": "055",
        "fcr1_size": 2048,
        "fcr2_drop": 1.0,
        "cr2_drop": 1.0,
        "cr3_drop": 0.8,
        "prefix": "n_ea_f",
        "learn_rate": 0.0005,
        "cr1_d": 32,
        "fcr2_size": 512,
        "fcr1_drop": 1.0,
        "cr1_drop": 1.0,
        "k": 3,
        "epochs": 32,
        "cr3_d": 128,
        "cr2_d": 64
    }
}