{
    "train_time": 498.78018832206726,
    "config": {
        "name": "056",
        "cr3_drop": 0.9,
        "fcr2_drop": 1.0,
        "prefix": "n_ea_f",
        "cr3_d": 128,
        "cr2_d": 64,
        "epochs": 32,
        "fcr1_size": 2048,
        "cr2_drop": 1.0,
        "learn_rate": 0.0005,
        "cr1_d": 32,
        "k": 3,
        "fcr2_size": 512,
        "fcr1_drop": 1.0,
        "cr1_drop": 1.0
    },
    "test_accuracy": 0.96096595396433,
    "validation_accuracy": [
        0.569841269895333,
        0.8195011336246586,
        0.8628117903560197,
        0.9253968243696251,
        0.9308390012403734,
        0.9501133786848073,
        0.9485260773678215,
        0.957142857413173,
        0.9668934240362812,
        0.9657596366746085,
        0.9639455779880083,
        0.9643990929705215,
        0.9639455782312926,
        0.9705215419501134,
        0.9682539682539683,
        0.9691609972188262,
        0.973015873015873,
        0.9684807256235828,
        0.9732426303854875,
        0.9727891156462585,
        0.973922901980731,
        0.9734693877551021,
        0.9696145124716553,
        0.9689342403628118,
        0.972562358276644,
        0.9761904761904762,
        0.971655328798186,
        0.972562358276644,
        0.9714285712123187,
        0.9702947845804989,
        0.9664399092970521,
        0.9727891156462585
    ]
}