{
    "test_accuracy": 0.9680918447761807,
    "train_time": 499.83971071243286,
    "config": {
        "cr2_drop": 1.0,
        "fcr1_drop": 0.4,
        "prefix": "n_ea_f",
        "cr1_d": 32,
        "epochs": 32,
        "cr1_drop": 1.0,
        "cr3_drop": 1.0,
        "fcr1_size": 2048,
        "fcr2_drop": 1.0,
        "fcr2_size": 512,
        "cr2_d": 64,
        "k": 3,
        "name": "057",
        "learn_rate": 0.0005,
        "cr3_d": 128
    },
    "validation_accuracy": [
        0.5190476188043348,
        0.8111111112192374,
        0.8965986389692138,
        0.9310657593939039,
        0.9460317457884617,
        0.9514739226862416,
        0.9523809526512682,
        0.9591836734693877,
        0.9623582758871065,
        0.9668934240362812,
        0.9693877551020408,
        0.9705215419501134,
        0.9702947843372146,
        0.9734693880254179,
        0.9716553290685018,
        0.9712018143292728,
        0.9759637188208616,
        0.9736961453950324,
        0.9766439912000211,
        0.9761904761904762,
        0.9768707485696356,
        0.979365079121795,
        0.9773242633088646,
        0.9734693877551021,
        0.9782312925170068,
        0.9791383219954648,
        0.9789115648961662,
        0.9786848072562359,
        0.9759637188208616,
        0.980498866213152,
        0.9800453517442388,
        0.9798185941043084
    ]
}