{
    "validation_accuracy": [
        0.37709750566217637,
        0.7333333336036492,
        0.8551020411407055,
        0.8941043084170542,
        0.9253968251535412,
        0.9353741499301798,
        0.9417233562793862,
        0.949659862918378,
        0.9600907019206456,
        0.9643990932408374,
        0.9639455785016083,
        0.9736961453950324,
        0.9732426306558034,
        0.9698412701115857,
        0.9786848075265516,
        0.9746031748734905,
        0.9809523812226968,
        0.97709750593925,
        0.9798185943746243,
        0.9804988664834677,
        0.9814058959619258,
        0.9816326533315404,
        0.9848072565061435,
        0.9820861680707693,
        0.9816326520340243,
        0.9814058959619258,
        0.9823129254403838,
        0.9866213154630596,
        0.9850340136054422,
        0.9866213154630596,
        0.9884353744199758,
        0.985487528614987
    ],
    "test_accuracy": 0.9704671416882947,
    "config": {
        "epochs": 32,
        "cr2_drop": 1.0,
        "fcr2_size": 512,
        "cr2_d": 64,
        "cr3_drop": 1.0,
        "fcr2_drop": 1.0,
        "cr3_d": 128,
        "cr1_drop": 1.0,
        "prefix": "n_ea_f",
        "k": 3,
        "learn_rate": 0.0005,
        "cr1_d": 32,
        "name": "058",
        "fcr1_drop": 0.5,
        "fcr1_size": 2048
    },
    "train_time": 498.4457755088806
}