{
    "config": {
        "k": 3,
        "cr2_drop": 1.0,
        "fcr2_size": 512,
        "cr3_d": 128,
        "learn_rate": 0.0005,
        "prefix": "n_ea_f",
        "fcr2_drop": 1.0,
        "cr2_d": 64,
        "cr3_drop": 1.0,
        "epochs": 32,
        "fcr1_size": 2048,
        "cr1_d": 32,
        "cr1_drop": 1.0,
        "name": "059",
        "fcr1_drop": 0.6
    },
    "test_accuracy": 0.9654790181728553,
    "validation_accuracy": [
        0.5848072557492592,
        0.8462585034013606,
        0.9056689339970786,
        0.9233560088270105,
        0.9478458050156937,
        0.9480725621149924,
        0.9517006800288246,
        0.9646258500968518,
        0.9648526069528662,
        0.9709750569596582,
        0.9662131509002374,
        0.9746031748734905,
        0.9707482993197278,
        0.975736961721563,
        0.9675736964154406,
        0.9748299319727891,
        0.9755102038383484,
        0.9795918364914096,
        0.9755102033247482,
        0.9800453517442388,
        0.9748299317295048,
        0.9795918359778095,
        0.9784580496703686,
        0.9786848075265516,
        0.9786848075265516,
        0.9816326533315404,
        0.9825396828099984,
        0.9782312925170068,
        0.9784580498866213,
        0.9768707485696356,
        0.9814058949347256,
        0.9802721091138533
    ],
    "train_time": 498.16923332214355
}