{
    "train_time": 497.240562915802,
    "validation_accuracy": [
        0.6102040817948425,
        0.8192743761739493,
        0.9027210884624057,
        0.9274376412367875,
        0.9446712018410905,
        0.9478458050156937,
        0.9569160992866741,
        0.9553287984562568,
        0.9609977321830195,
        0.964172335600907,
        0.9687074829931973,
        0.9714285714285714,
        0.9712018143292728,
        0.9757369614512472,
        0.9680272108843537,
        0.9705215419501134,
        0.9716553290685018,
        0.9739229024943311,
        0.9696145127419712,
        0.972562358276644,
        0.9746031746031746,
        0.9707482993197278,
        0.9725623585469598,
        0.9721088438077308,
        0.9673469387755103,
        0.9748299319727891,
        0.9700680272108844,
        0.9727891156462585,
        0.9723356009070295,
        0.9800453514739229,
        0.9723356009070295,
        0.9750566896127195
    ],
    "config": {
        "k": 3,
        "cr3_drop": 1.0,
        "learn_rate": 0.0005,
        "fcr2_size": 512,
        "cr2_d": 64,
        "fcr1_size": 2048,
        "cr1_drop": 1.0,
        "fcr1_drop": 0.7,
        "cr2_drop": 1.0,
        "prefix": "n_ea_f",
        "cr3_d": 128,
        "name": "060",
        "fcr2_drop": 1.0,
        "epochs": 32,
        "cr1_d": 32
    },
    "test_accuracy": 0.9604117180559244
}