{
    "validation_accuracy": [
        0.6650793648360808,
        0.8598639450916628,
        0.9097505666501398,
        0.9303854877986605,
        0.9426303857578442,
        0.9494331068462796,
        0.9507936510639666,
        0.9614512474358488,
        0.9596371884789326,
        0.9637188211319938,
        0.9639455785016083,
        0.9582766439909297,
        0.9650793650793651,
        0.9691609980027421,
        0.9691609980027421,
        0.9691609980027421,
        0.9684807258938987,
        0.9734693880254179,
        0.9705215422204292,
        0.9725623572494437,
        0.9662131521977535,
        0.9696145127419712,
        0.9691609980027421,
        0.9655328800889099,
        0.9621315195446922,
        0.9714285716988873,
        0.9675736964154406,
        0.9746031748734905,
        0.9755102043519485,
        0.9709750566893424,
        0.9759637177936614,
        0.9755102043519485
    ],
    "test_accuracy": 0.9596199524185531,
    "train_time": 496.46455669403076,
    "config": {
        "learn_rate": 0.0005,
        "name": "061",
        "cr3_d": 128,
        "fcr1_drop": 0.8,
        "cr2_drop": 1.0,
        "fcr2_drop": 1.0,
        "cr1_drop": 1.0,
        "fcr1_size": 2048,
        "cr2_d": 64,
        "cr3_drop": 1.0,
        "prefix": "n_ea_f",
        "fcr2_size": 512,
        "k": 3,
        "cr1_d": 32,
        "epochs": 32
    }
}