{
    "validation_accuracy": [
        0.6052154187442494,
        0.8564625840068134,
        0.9081632648195539,
        0.93560090705651,
        0.9410430841705426,
        0.9557823131954859,
        0.9517006800288246,
        0.9528344673904973,
        0.9578231292517007,
        0.965986394828139,
        0.9691609980027421,
        0.9662131521977535,
        0.9662131521977535,
        0.9727891159165744,
        0.967346939045826,
        0.9691609977324263,
        0.9716553290685018,
        0.9752834469823339,
        0.9687074832635131,
        0.9773242630385488,
        0.9736961453950324,
        0.9707482993197278,
        0.9782312925170068,
        0.9671201816762115,
        0.9714285716988873,
        0.97437641723356,
        0.9723356011773453,
        0.9702947845804989,
        0.975736961721563,
        0.9748299319727891,
        0.9732426298718874,
        0.9755102043519485
    ],
    "train_time": 498.6353876590729,
    "test_accuracy": 0.9663499602984551,
    "config": {
        "fcr1_size": 2048,
        "cr1_drop": 1.0,
        "name": "062",
        "epochs": 32,
        "fcr2_size": 512,
        "fcr1_drop": 0.9,
        "k": 3,
        "cr3_d": 128,
        "learn_rate": 0.0005,
        "cr3_drop": 1.0,
        "cr2_d": 64,
        "prefix": "n_ea_f",
        "cr2_drop": 1.0,
        "cr1_d": 32,
        "fcr2_drop": 1.0
    }
}