{
    "test_accuracy": 0.9600158352372388,
    "validation_accuracy": [
        0.5628117912210304,
        0.8040816324368085,
        0.8882086165637927,
        0.9170068027481201,
        0.9383219954918842,
        0.9494331068462796,
        0.9612244900662342,
        0.9675736951179245,
        0.9628117903560197,
        0.9707482995900437,
        0.9770975056689343,
        0.9714285714285714,
        0.9766439909297052,
        0.9761904761904762,
        0.9802721088435374,
        0.9780045351473923,
        0.970521541193229,
        0.9775510204081632,
        0.9784580498866213,
        0.9782312925170068,
        0.9764172335600907,
        0.9777777780480936,
        0.9764172338304066,
        0.9739229024943311,
        0.9839002270276854,
        0.9777777777777777,
        0.9841269841269841,
        0.9816326533315404,
        0.9793650794191425,
        0.9757369612079629,
        0.9750566893694352,
        0.9818594107011549
    ],
    "train_time": 497.1478228569031,
    "config": {
        "fcr1_drop": 1.0,
        "k": 3,
        "epochs": 32,
        "cr2_d": 64,
        "fcr2_drop": 0.4,
        "cr2_drop": 1.0,
        "cr1_drop": 1.0,
        "name": "063",
        "learn_rate": 0.0005,
        "cr3_d": 128,
        "prefix": "n_ea_f",
        "fcr1_size": 2048,
        "fcr2_size": 512,
        "cr1_d": 32,
        "cr3_drop": 1.0
    }
}