{
    "test_accuracy": 0.9618368962031929,
    "validation_accuracy": [
        0.3553287979156252,
        0.7133786851316353,
        0.8335600902434109,
        0.8850340133621579,
        0.9290249435809734,
        0.9383219952215683,
        0.9587301590004745,
        0.9648526079800664,
        0.9655328800889099,
        0.9712018143292728,
        0.9716553290685018,
        0.9752834469823339,
        0.9741496601342614,
        0.9780045351473923,
        0.9782312927873227,
        0.9780045354177082,
        0.976190476460792,
        0.9784580501569372,
        0.974829932243105,
        0.9777777780480936,
        0.9789115646258504,
        0.9780045354177082,
        0.9789115648961662,
        0.9791383222657807,
        0.9795918370050097,
        0.9791383222657807,
        0.9816326530612245,
        0.9823129254403838,
        0.9818594107011549,
        0.9839002270276854,
        0.9841269843973,
        0.9807256238530823
    ],
    "train_time": 497.574414730072,
    "config": {
        "cr1_drop": 1.0,
        "fcr1_size": 2048,
        "cr2_drop": 1.0,
        "epochs": 32,
        "cr1_d": 32,
        "k": 3,
        "cr2_d": 64,
        "fcr1_drop": 1.0,
        "prefix": "n_ea_f",
        "fcr2_drop": 0.5,
        "fcr2_size": 512,
        "cr3_drop": 1.0,
        "name": "064",
        "cr3_d": 128,
        "learn_rate": 0.0005
    }
}