{
    "train_time": 495.72977089881897,
    "config": {
        "epochs": 32,
        "cr2_drop": 1.0,
        "fcr2_size": 512,
        "cr1_drop": 1.0,
        "learn_rate": 0.0005,
        "cr1_d": 32,
        "cr2_d": 64,
        "fcr1_size": 2048,
        "name": "065",
        "k": 3,
        "fcr2_drop": 0.6,
        "cr3_drop": 1.0,
        "fcr1_drop": 1.0,
        "cr3_d": 128,
        "prefix": "n_ea_f"
    },
    "test_accuracy": 0.9626286618028098,
    "validation_accuracy": [
        0.5356009068402574,
        0.7832199546755577,
        0.8596371877220482,
        0.9104308390292991,
        0.9383219952215683,
        0.950113378441523,
        0.9591836734964193,
        0.9648526074664663,
        0.968253968010684,
        0.9718820861948321,
        0.9761904759471919,
        0.9718820864381164,
        0.9741496601342614,
        0.9730158732861889,
        0.9768707483263513,
        0.9766439912000211,
        0.9777777780480936,
        0.9768707483263513,
        0.976190476460792,
        0.9823129254403838,
        0.9820861675571693,
        0.9755102043519485,
        0.9795918370050097,
        0.978004534904108,
        0.9752834469823339,
        0.9718820859245162,
        0.9786848075265516,
        0.9811791381057428,
        0.9809523812226968,
        0.9741496596206614,
        0.9786848072832675,
        0.9807256238530823
    ]
}