{
    "test_accuracy": 0.9679334916487065,
    "train_time": 497.31381392478943,
    "validation_accuracy": [
        0.5730158722589886,
        0.8607709740294891,
        0.9149659866648737,
        0.9492063492333808,
        0.9591836734964193,
        0.965079365349681,
        0.9625850342839213,
        0.9693877553723567,
        0.9718820859245162,
        0.9764172338304066,
        0.9773242630655803,
        0.9777777780480936,
        0.9782312922737225,
        0.9809523812226968,
        0.9768707480560355,
        0.9777777775344935,
        0.9782312927873227,
        0.9789115643825661,
        0.9752834469823339,
        0.9802721086002532,
        0.9793650796353952,
        0.9804988659698677,
        0.9741496596206614,
        0.9802721091138533,
        0.9789115648961662,
        0.9766439906864209,
        0.9800453509873543,
        0.978004534904108,
        0.9791383222657807,
        0.9768707480560355,
        0.9807256233394822,
        0.9802721086002532
    ],
    "config": {
        "cr3_d": 128,
        "epochs": 32,
        "k": 3,
        "fcr1_drop": 1.0,
        "fcr2_drop": 0.7,
        "name": "066",
        "cr2_drop": 1.0,
        "cr3_drop": 1.0,
        "cr1_d": 32,
        "fcr2_size": 512,
        "learn_rate": 0.0005,
        "cr1_drop": 1.0,
        "cr2_d": 64,
        "prefix": "n_ea_f",
        "fcr1_size": 2048
    }
}