{
    "config": {
        "learn_rate": 0.0005,
        "cr2_drop": 1.0,
        "fcr2_drop": 0.8,
        "name": "067",
        "k": 3,
        "cr1_drop": 1.0,
        "cr3_d": 128,
        "fcr2_size": 512,
        "cr2_d": 64,
        "fcr1_size": 2048,
        "prefix": "n_ea_f",
        "fcr1_drop": 1.0,
        "cr3_drop": 1.0,
        "epochs": 32,
        "cr1_d": 32
    },
    "train_time": 496.0333914756775,
    "test_accuracy": 0.9669833728838608,
    "validation_accuracy": [
        0.6201814051658389,
        0.8811791375651111,
        0.927210884380773,
        0.9412698415401571,
        0.9580498866213152,
        0.9598639455782313,
        0.9705215422204292,
        0.9680272108843537,
        0.9705215422204292,
        0.9723356011773453,
        0.9721088438077308,
        0.9718820864381164,
        0.976190476460792,
        0.9777777780480936,
        0.9768707485696356,
        0.9768707485696356,
        0.9732426306558034,
        0.9755102043519485,
        0.9727891159165744,
        0.9768707485696356,
        0.9743764175038759,
        0.9725623585469598,
        0.975736961721563,
        0.9786848075265516,
        0.9755102043519485,
        0.9811791385923113,
        0.9766439912000211,
        0.9773242633088646,
        0.9750566896127195,
        0.9759637190911775,
        0.9732426306558034,
        0.9777777780480936
    ]
}