{
    "validation_accuracy": [
        0.17755102040731852,
        0.5158730153594158,
        0.704535147662606,
        0.8088435374690292,
        0.8351473920739968,
        0.8689342393356115,
        0.8907029473592365,
        0.9095238087669252,
        0.9281179130753152,
        0.9263038541183991,
        0.9410430828730265,
        0.9405895694313136,
        0.9451247168236039,
        0.948299319998207,
        0.9560090692675843,
        0.9541950116081843,
        0.9546485263474134,
        0.9553287971587409,
        0.9587301590004745,
        0.9603174592902601,
        0.956235827934715,
        0.9653061227192954,
        0.9682539685242841,
        0.9643990922136372,
        0.9666666669369826,
        0.9632653063927649,
        0.9718820864381164,
        0.9714285716988873,
        0.9712018143292728,
        0.9714285716988873,
        0.9780045354177082,
        0.97437641723356
    ],
    "train_time": 531.3125517368317,
    "config": {
        "cr2_d": 64,
        "fcr1_size": 2048,
        "cr3_d": 128,
        "name": "068",
        "fcr1_drop": 0.6,
        "cr1_d": 32,
        "epochs": 32,
        "prefix": "n_ea_f",
        "cr2_drop": 0.6,
        "cr3_drop": 0.7,
        "k": 3,
        "learn_rate": 0.0005,
        "fcr2_drop": 0.7,
        "fcr2_size": 512,
        "cr1_drop": 0.5
    },
    "test_accuracy": 0.9608076007991014
}