{
    "config": {
        "fcr1_drop": 0.7,
        "prefix": "n_ea_f",
        "cr2_drop": 0.6,
        "epochs": 32,
        "cr3_drop": 0.7,
        "fcr2_drop": 0.8,
        "k": 3,
        "fcr1_size": 2048,
        "learn_rate": 0.0005,
        "fcr2_size": 512,
        "cr1_d": 32,
        "cr1_drop": 0.5,
        "name": "069",
        "cr2_d": 64,
        "cr3_d": 128
    },
    "validation_accuracy": [
        0.39569160943669257,
        0.6195011335705954,
        0.7718820854109161,
        0.823582765412709,
        0.8634920624648633,
        0.8938775510204081,
        0.9136054421768708,
        0.9287981862113589,
        0.9376417236263249,
        0.9424036283882297,
        0.9496598639455782,
        0.9541950116081843,
        0.9637188211319938,
        0.9585034016308601,
        0.9621315182471762,
        0.9637188198344778,
        0.9632653050952488,
        0.9687074824795971,
        0.9705215422204292,
        0.9718820851406003,
        0.9736961451247166,
        0.9705215422204292,
        0.9721088425102148,
        0.9723356009070295,
        0.9746031735759744,
        0.9716553277709857,
        0.9768707477857196,
        0.9727891146190583,
        0.9723355998798292,
        0.9730158719886728,
        0.9723356011773453,
        0.9777777777777777
    ],
    "test_accuracy": 0.959144893404235,
    "train_time": 533.8192694187164
}