{
    "validation_accuracy": [
        0.45374149656484997,
        0.731972788088446,
        0.7970521537625059,
        0.8467120181946527,
        0.8714285707257502,
        0.8891156457719349,
        0.9133786848613195,
        0.9292516999233877,
        0.9455782305356326,
        0.9335600899460634,
        0.9455782305356326,
        0.9482993189710068,
        0.9555555547986712,
        0.9582766429637295,
        0.9619047621750777,
        0.9600907032181617,
        0.965986394828139,
        0.9650793643224806,
        0.9625850332567211,
        0.9643990932408374,
        0.9655328800889099,
        0.9739229022510468,
        0.9777777767505775,
        0.9716553290685018,
        0.9739229027646469,
        0.9705215409229132,
        0.9698412701115857,
        0.9705215422204292,
        0.9718820864381164,
        0.9741496596206614,
        0.9764172338304066,
        0.9750566896127195
    ],
    "train_time": 531.5567049980164,
    "config": {
        "name": "070",
        "cr3_d": 128,
        "prefix": "n_ea_f",
        "fcr2_drop": 0.9,
        "cr3_drop": 0.7,
        "fcr1_size": 2048,
        "cr2_drop": 0.6,
        "fcr2_size": 512,
        "fcr1_drop": 0.8,
        "epochs": 32,
        "cr1_drop": 0.5,
        "learn_rate": 0.0005,
        "cr2_d": 64,
        "k": 3,
        "cr1_d": 32
    },
    "test_accuracy": 0.960332541454433
}