{
    "validation_accuracy": [
        0.49070294771064704,
        0.7029478458590518,
        0.8054421771410641,
        0.8566893426739439,
        0.8800453504467227,
        0.9020408160832464,
        0.9199546477691927,
        0.9340136051988926,
        0.9410430841705426,
        0.9453514741932183,
        0.9349206351909508,
        0.9489795921070505,
        0.9514739231728102,
        0.9589569153428888,
        0.9616780035079472,
        0.9600907021909614,
        0.9619047608775617,
        0.9625850332567211,
        0.9671201803786955,
        0.9696145127419712,
        0.9664399082698519,
        0.9657596374585244,
        0.9671201803786955,
        0.9619047608775617,
        0.968253967226768,
        0.9600907032181617,
        0.9607709740294891,
        0.9684807245963826,
        0.9662131509002374,
        0.9707482995900437,
        0.9680272098571535,
        0.9714285716988873
    ],
    "config": {
        "fcr2_size": 512,
        "cr1_d": 32,
        "prefix": "n_ea_f",
        "name": "071",
        "fcr2_drop": 1.0,
        "cr3_drop": 0.7,
        "learn_rate": 0.0005,
        "cr2_drop": 0.6,
        "fcr1_drop": 0.9,
        "cr1_drop": 0.5,
        "cr3_d": 128,
        "fcr1_size": 2048,
        "epochs": 32,
        "cr2_d": 64,
        "k": 3
    },
    "test_accuracy": 0.9607284242731187,
    "train_time": 527.0028150081635
}