{
    "config": {
        "fcr2_drop": 0.7,
        "prefix": "n_ea_f",
        "fcr1_drop": 0.7,
        "name": "072",
        "cr2_drop": 0.6,
        "k": 3,
        "fcr2_size": 512,
        "learn_rate": 0.0005,
        "cr3_drop": 0.7,
        "fcr1_size": 2048,
        "cr1_drop": 0.5,
        "cr3_d": 128,
        "cr2_d": 64,
        "cr1_d": 32,
        "epochs": 32
    },
    "validation_accuracy": [
        0.3752834467931129,
        0.6396825391689396,
        0.7634920635461266,
        0.8122448974726152,
        0.8811791378083953,
        0.9117913834902704,
        0.9226757367181669,
        0.9331065762340347,
        0.9460317463020619,
        0.9448979589403892,
        0.950566893180752,
        0.9464852605276908,
        0.9605442179573906,
        0.9573696147827875,
        0.966439909567368,
        0.9662131516841533,
        0.9643990932408374,
        0.9718820864381164,
        0.9671201811626114,
        0.9730158727725887,
        0.9718820864381164,
        0.9691609974891421,
        0.9707482990764437,
        0.9718820859245162,
        0.9725623585469598,
        0.9714285716988873,
        0.9714285716988873,
        0.9707482993197278,
        0.9739229024943311,
        0.9773242630385488,
        0.9764172338304066,
        0.9741496601342614
    ],
    "train_time": 530.6297056674957,
    "test_accuracy": 0.9649247821889411
}