{
    "validation_accuracy": [
        0.5056689336456679,
        0.7476190471324791,
        0.8231292509437959,
        0.8682539683080315,
        0.8909297044585351,
        0.9052154193119127,
        0.917460316973749,
        0.9321995457283764,
        0.9317460309891473,
        0.9471655318526183,
        0.9519274368848389,
        0.9507936507936507,
        0.9591836724421875,
        0.9600907029478458,
        0.9619047608775617,
        0.9605442179573906,
        0.9634920634920635,
        0.9678004535147392,
        0.9678004535147392,
        0.9666666666666667,
        0.9657596361610084,
        0.9723356009070295,
        0.9678004535147392,
        0.9689342403628118,
        0.9727891156462585,
        0.9748299319727891,
        0.9696145124716553,
        0.9725623577630439,
        0.9702947838236144,
        0.9712018140589569,
        0.9764172335600907,
        0.9750566893424036
    ],
    "test_accuracy": 0.9608076009123644,
    "train_time": 528.9594995975494,
    "config": {
        "cr2_drop": 0.6,
        "fcr2_drop": 0.8,
        "learn_rate": 0.0005,
        "name": "073",
        "fcr1_drop": 0.8,
        "cr1_d": 32,
        "cr2_d": 64,
        "fcr1_size": 2048,
        "fcr2_size": 512,
        "cr3_d": 128,
        "epochs": 32,
        "prefix": "n_ea_f",
        "k": 3,
        "cr1_drop": 0.5,
        "cr3_drop": 0.7
    }
}