{
    "validation_accuracy": [
        0.41133786831853614,
        0.7038548747968781,
        0.8151927427369721,
        0.8678004537850551,
        0.8956916092204399,
        0.9081632655764383,
        0.9238095230526394,
        0.9378684796984234,
        0.9446712020843748,
        0.9469387744830039,
        0.9523809513537521,
        0.9512471645056796,
        0.9673469382619101,
        0.9605442172005063,
        0.9605442176870749,
        0.9625850329864052,
        0.9614512469222486,
        0.9643990924569215,
        0.9712018135723884,
        0.966439909567368,
        0.964625850340136,
        0.9666666666666667,
        0.9712018143292728,
        0.9698412701115857,
        0.9709750569596582,
        0.975736961721563,
        0.9666666659097823,
        0.9723356011773453,
        0.9768707485696356,
        0.9696145127419712,
        0.9698412701115857,
        0.9650793650793651
    ],
    "test_accuracy": 0.9588281867434274,
    "train_time": 531.2448017597198,
    "config": {
        "cr2_d": 64,
        "cr3_drop": 0.7,
        "fcr1_drop": 0.9,
        "cr2_drop": 0.6,
        "epochs": 32,
        "fcr1_size": 2048,
        "fcr2_size": 512,
        "k": 3,
        "prefix": "n_ea_f",
        "name": "074",
        "cr1_d": 32,
        "learn_rate": 0.0005,
        "cr3_d": 128,
        "fcr2_drop": 0.9,
        "cr1_drop": 0.5
    }
}