{
    "train_time": 520.2510664463043,
    "config": {
        "cr3_drop": 0.7,
        "cr1_d": 32,
        "name": "075",
        "cr1_drop": 0.5,
        "epochs": 32,
        "fcr1_size": 2048,
        "k": 3,
        "fcr1_drop": 1.0,
        "prefix": "n_ea_f",
        "cr2_d": 64,
        "fcr2_size": 512,
        "fcr2_drop": 1.0,
        "cr2_drop": 0.6,
        "cr3_d": 128,
        "learn_rate": 0.0005
    },
    "test_accuracy": 0.950435470949537,
    "validation_accuracy": [
        0.44376417209231667,
        0.6691609969755419,
        0.7854875281284185,
        0.8374149649591943,
        0.8503401350272215,
        0.8845804986499605,
        0.9056689334834784,
        0.920861678274851,
        0.9299319727891157,
        0.9353741499301798,
        0.9437641726059167,
        0.9482993197278912,
        0.9467120184109055,
        0.9526077097505669,
        0.954421768707483,
        0.9575963718820861,
        0.9435374139387862,
        0.9591836734693877,
        0.9605442176870749,
        0.9580498866213152,
        0.9537414965986395,
        0.963265306122449,
        0.9630385487528345,
        0.9623582769143068,
        0.9625850340136054,
        0.9573696145124716,
        0.9646258506104519,
        0.9653061227192954,
        0.9600907019206456,
        0.9653061224489796,
        0.964172335600907,
        0.9673469387755103
    ]
}