{
    "test_accuracy": 0.952256531915491,
    "train_time": 522.8021855354309,
    "validation_accuracy": [
        0.28435374148308284,
        0.6117913834902705,
        0.7224489798621526,
        0.8004535147932922,
        0.8578231282245005,
        0.8811791381057428,
        0.8834467122884564,
        0.9083900229460528,
        0.9310657599075041,
        0.9281179141025154,
        0.9435374147227021,
        0.9410430839272583,
        0.9505668936943521,
        0.9519274379120392,
        0.9532879818594104,
        0.954875283446712,
        0.9591836734964193,
        0.9614512471655329,
        0.9585034013605442,
        0.964172335600907,
        0.9616780045351474,
        0.9571428571428572,
        0.963718820861678,
        0.9571428571428572,
        0.9589569160997733,
        0.9680272108843537,
        0.9612244900662342,
        0.9639455782312926,
        0.9630385487528345,
        0.9650793648360808,
        0.9587301590004745,
        0.9675736961451247
    ],
    "config": {
        "fcr1_drop": 1.0,
        "cr2_drop": 0.6,
        "cr1_drop": 0.4,
        "fcr2_drop": 1.0,
        "learn_rate": 0.0005,
        "cr3_drop": 0.8,
        "prefix": "n_ea_f",
        "epochs": 32,
        "cr2_d": 64,
        "name": "076",
        "k": 3,
        "fcr1_size": 2048,
        "cr1_d": 32,
        "cr3_d": 128,
        "fcr2_size": 512
    }
}