{
    "config": {
        "fcr1_size": 2048,
        "fcr2_drop": 1.0,
        "cr2_drop": 0.7,
        "k": 3,
        "learn_rate": 0.0005,
        "name": "077",
        "cr2_d": 64,
        "cr1_d": 32,
        "cr3_drop": 0.9,
        "prefix": "n_ea_f",
        "epochs": 32,
        "fcr2_size": 512,
        "fcr1_drop": 1.0,
        "cr3_d": 128,
        "cr1_drop": 0.5
    },
    "validation_accuracy": [
        0.617913831712978,
        0.777551019380963,
        0.8349206346773507,
        0.89682539687946,
        0.9068027213587512,
        0.9142857145560301,
        0.930158730429046,
        0.9405895691609978,
        0.945124716553288,
        0.9501133781712071,
        0.9512471650192798,
        0.9589569155861731,
        0.9532879813458103,
        0.9514739223888942,
        0.9562358276643991,
        0.9614512466519327,
        0.9614512471655329,
        0.9619047619047619,
        0.9650793650793651,
        0.9625850340136054,
        0.964172335600907,
        0.9662131519274376,
        0.9698412698412698,
        0.9575963718820861,
        0.9668934240362812,
        0.9600907029478458,
        0.9673469387755103,
        0.9662131519274376,
        0.9693877551020408,
        0.9616780045351474,
        0.9659863945578231,
        0.9668934240362812
    ],
    "test_accuracy": 0.9513855897521368,
    "train_time": 521.8019070625305
}