{
    "train_time": 521.1296362876892,
    "config": {
        "fcr2_drop": 1.0,
        "prefix": "n_ea_f",
        "fcr1_size": 2048,
        "cr2_drop": 0.8,
        "cr2_d": 64,
        "fcr2_size": 512,
        "cr3_d": 128,
        "k": 3,
        "name": "078",
        "epochs": 32,
        "cr1_d": 32,
        "learn_rate": 0.0005,
        "cr1_drop": 0.6,
        "cr3_drop": 1.0,
        "fcr1_drop": 1.0
    },
    "validation_accuracy": [
        0.385941043164995,
        0.6326530609812056,
        0.7240362814494542,
        0.7931972789115647,
        0.819501134057164,
        0.8682539685242842,
        0.8959183676172546,
        0.9163265308825608,
        0.9131519274376417,
        0.9315192743764172,
        0.940362812061699,
        0.9390022675736961,
        0.9442176870748299,
        0.9521541952816537,
        0.9541950116081843,
        0.9485260766109371,
        0.9546485260770975,
        0.9578231292517007,
        0.9580498866213152,
        0.9614512471655329,
        0.9650793640521649,
        0.9643990929705215,
        0.9655328798185941,
        0.965079365349681,
        0.966439909567368,
        0.9657596374585244,
        0.9630385485095502,
        0.966439909567368,
        0.9641723358712229,
        0.9691609977324263,
        0.9662131509002374,
        0.9716553290685018
    ],
    "test_accuracy": 0.9591448930361303
}