{
    "train_time": 505.4876666069031,
    "config": {
        "name": "079",
        "fcr2_size": 512,
        "cr1_d": 32,
        "cr2_drop": 0.8,
        "learn_rate": 0.0005,
        "fcr2_drop": 1.0,
        "prefix": "n_ea_f",
        "cr1_drop": 1.0,
        "fcr1_drop": 1.0,
        "epochs": 32,
        "cr3_d": 128,
        "cr3_drop": 0.6,
        "cr2_d": 64,
        "k": 3,
        "fcr1_size": 2048
    },
    "test_accuracy": 0.9625494852390727,
    "validation_accuracy": [
        0.4746031746572378,
        0.7907029471429837,
        0.8784580496974003,
        0.9154195001065866,
        0.9283446712018141,
        0.9358276643990929,
        0.943764172335601,
        0.9530612247601118,
        0.9551020410866424,
        0.9517006802721089,
        0.9573696145124716,
        0.9650793650793651,
        0.9691609977324263,
        0.9691609977324263,
        0.9689342403628118,
        0.9671201814058957,
        0.9702947845804989,
        0.9687074829931973,
        0.9666666669369826,
        0.9736961451247166,
        0.9678004535147392,
        0.9684807248666983,
        0.9723356009070295,
        0.9725623585469598,
        0.9696145127419712,
        0.973015873015873,
        0.9746031746031746,
        0.9723356009070295,
        0.9770975056689343,
        0.9687074829931973,
        0.9752834469823339,
        0.9732426303854875
    ]
}