{
    "config": {
        "cr3_d": 128,
        "learn_rate": 0.0005,
        "cr1_d": 32,
        "name": "080",
        "prefix": "n_ea_f",
        "fcr1_size": 2048,
        "cr1_drop": 0.9,
        "cr3_drop": 0.5,
        "fcr2_drop": 1.0,
        "cr2_drop": 0.7,
        "fcr2_size": 512,
        "k": 3,
        "fcr1_drop": 1.0,
        "epochs": 32,
        "cr2_d": 64
    },
    "test_accuracy": 0.9615993665119814,
    "validation_accuracy": [
        0.5455782310492328,
        0.787301587058303,
        0.8514739218752941,
        0.8961451239596689,
        0.9290249435809734,
        0.9458049886621315,
        0.9505668936943521,
        0.9437641726059167,
        0.949206348179149,
        0.9464852610412909,
        0.9537414968689553,
        0.9603174605877761,
        0.9641723358712229,
        0.9653061227192954,
        0.9648526069528662,
        0.9700680274812002,
        0.9668934243065971,
        0.9707482995900437,
        0.9666666664233824,
        0.9675736964154406,
        0.9682539685242841,
        0.9657596374585244,
        0.9689342406331276,
        0.9687074832635131,
        0.9764172333168064,
        0.9766439912000211,
        0.965079365349681,
        0.9752834469823339,
        0.9736961453950324,
        0.9755102043519485,
        0.9730158732861889,
        0.9764172338304066
    ],
    "train_time": 522.5873832702637
}