{
    "config": {
        "cr1_d": 32,
        "cr3_drop": 0.4,
        "cr3_d": 128,
        "k": 3,
        "epochs": 32,
        "fcr1_drop": 1.0,
        "cr2_d": 64,
        "fcr2_drop": 1.0,
        "fcr1_size": 2048,
        "name": "081",
        "cr2_drop": 0.6,
        "prefix": "n_ea_f",
        "learn_rate": 0.0005,
        "fcr2_size": 512,
        "cr1_drop": 0.8
    },
    "test_accuracy": 0.957007125852982,
    "validation_accuracy": [
        0.41247165529500873,
        0.706349205592322,
        0.8034013600576492,
        0.8589569156132048,
        0.8972789110780574,
        0.9106575958853136,
        0.9274376415071033,
        0.9353741491732954,
        0.9439909292186469,
        0.9396825394392554,
        0.9494331066029953,
        0.9489795918637662,
        0.9555555553122713,
        0.9553287984562568,
        0.9596371882086168,
        0.9612244897959183,
        0.9628117916535358,
        0.9541950113378684,
        0.9621315195446922,
        0.9612244897959183,
        0.9625850337703212,
        0.9657596371882086,
        0.9662131521977535,
        0.9682539682539683,
        0.9664399092970521,
        0.9698412701115857,
        0.9714285714285714,
        0.9648526077097506,
        0.9727891156462585,
        0.9684807256235828,
        0.9682539682539683,
        0.9659863945578231
    ],
    "train_time": 522.0146951675415
}