{
    "config": {
        "epochs": 32,
        "k": 3,
        "prefix": "n_ea_f",
        "fcr2_size": 512,
        "cr1_drop": 0.3,
        "cr2_drop": 0.4,
        "fcr2_drop": 1.0,
        "cr2_d": 64,
        "cr3_d": 128,
        "learn_rate": 0.0005,
        "fcr1_size": 2048,
        "cr3_drop": 0.5,
        "cr1_d": 32,
        "name": "082",
        "fcr1_drop": 1.0
    },
    "validation_accuracy": [
        0.22879818585994832,
        0.522675736718167,
        0.6569160997732426,
        0.7478458049886622,
        0.8022675736961451,
        0.842630385055023,
        0.8734693872685335,
        0.8702947846886252,
        0.9090702948116121,
        0.9056689338619206,
        0.922448979375584,
        0.9292516996530719,
        0.9317460309891473,
        0.9414965986394558,
        0.9426303858119074,
        0.944444443957876,
        0.955102040329758,
        0.9548752829331119,
        0.9433106576504351,
        0.9460317455451775,
        0.9487528342508675,
        0.9546485253202132,
        0.9580498863780309,
        0.95850340111726,
        0.9585034008469441,
        0.9575963713684861,
        0.9541950110945843,
        0.9530612244897959,
        0.9585034013605442,
        0.9643990929705215,
        0.9596371874517324,
        0.9585034008739757
    ],
    "train_time": 519.9750764369965,
    "test_accuracy": 0.9486935865095657
}