{
    "test_accuracy": 0.9487727635546704,
    "config": {
        "fcr1_size": 2048,
        "cr3_d": 128,
        "cr1_d": 32,
        "cr2_drop": 0.5,
        "fcr1_drop": 1.0,
        "learn_rate": 0.0005,
        "fcr2_size": 512,
        "cr3_drop": 0.6,
        "name": "083",
        "k": 3,
        "fcr2_drop": 1.0,
        "cr1_drop": 0.4,
        "cr2_d": 64,
        "epochs": 32,
        "prefix": "n_ea_f"
    },
    "validation_accuracy": [
        0.48185941053896536,
        0.6809523802225281,
        0.7723356004204609,
        0.8122448982294995,
        0.829251700166672,
        0.8555555550419555,
        0.8829931967653114,
        0.8952380947244951,
        0.9072562358276643,
        0.909750566893424,
        0.9222222222222223,
        0.9290249422834573,
        0.9394557823129251,
        0.9417233560090703,
        0.953968253968254,
        0.9489795913231346,
        0.9523809523809523,
        0.954421768707483,
        0.9596371884789326,
        0.9587301587301588,
        0.9605442166598746,
        0.9605442176870749,
        0.9594104308390022,
        0.9605442169301904,
        0.9560090705651004,
        0.9607709750566893,
        0.9580498868916311,
        0.959410429811802,
        0.9614512461383327,
        0.9684807258938987,
        0.9666666666666667,
        0.9648526066825504
    ],
    "train_time": 521.4250409603119
}