{
    "test_accuracy": 0.9578780680163361,
    "train_time": 521.0340583324432,
    "config": {
        "cr3_d": 128,
        "fcr2_size": 512,
        "fcr1_drop": 1.0,
        "prefix": "n_ea_f",
        "cr2_drop": 0.6,
        "cr1_drop": 0.5,
        "k": 3,
        "fcr1_size": 2048,
        "fcr2_drop": 1.0,
        "cr3_drop": 0.7,
        "name": "084",
        "cr1_d": 32,
        "epochs": 32,
        "learn_rate": 0.0005,
        "cr2_d": 64
    },
    "validation_accuracy": [
        0.2707482992926963,
        0.649433106494869,
        0.7648526066825503,
        0.8140589558888995,
        0.8643990922136372,
        0.8918367349641934,
        0.911111111381427,
        0.9317460320163476,
        0.9317460317460318,
        0.9321995464852608,
        0.9458049886621315,
        0.9464852597437748,
        0.9476190465918474,
        0.9469387744830039,
        0.9619047619047619,
        0.9600907032181617,
        0.9505668929374678,
        0.957596372152402,
        0.9582766442612456,
        0.957596372152402,
        0.9637188211319938,
        0.9646258506104519,
        0.9609977326966197,
        0.9646258506104519,
        0.9653061227192954,
        0.9607709753270052,
        0.9655328800889099,
        0.9675736964154406,
        0.9632653063927649,
        0.9691609980027421,
        0.9721088438077308,
        0.9693877540748406
    ]
}