{
    "train_time": 521.5244817733765,
    "test_accuracy": 0.96175771967721,
    "config": {
        "k": 3,
        "cr3_drop": 0.8,
        "prefix": "n_ea_f",
        "cr1_drop": 0.6,
        "epochs": 32,
        "fcr1_size": 2048,
        "fcr1_drop": 1.0,
        "fcr2_drop": 1.0,
        "name": "085",
        "cr1_d": 32,
        "learn_rate": 0.0005,
        "cr3_d": 128,
        "cr2_drop": 0.7,
        "cr2_d": 64,
        "fcr2_size": 512
    },
    "validation_accuracy": [
        0.391156462909413,
        0.6811791385923113,
        0.7961451242029531,
        0.8464852607709751,
        0.8891156457719349,
        0.9034013608145335,
        0.9312925172771186,
        0.9360544220390233,
        0.940816326287328,
        0.9482993194846069,
        0.9503401360814534,
        0.9519274373984391,
        0.9553287984562568,
        0.9585034016308601,
        0.9614512471925645,
        0.9630385485095502,
        0.9637188211319938,
        0.9632653063927649,
        0.9634920632487792,
        0.9639455782312926,
        0.9680272111546696,
        0.9705215422204292,
        0.9678004535147392,
        0.9709750569596582,
        0.971882085410916,
        0.9684807253802985,
        0.9666666666666667,
        0.9691609977324263,
        0.9696145127419712,
        0.972108843537415,
        0.9730158732861889,
        0.972562358276644
    ]
}