{
    "train_time": 521.6051878929138,
    "config": {
        "cr3_d": 128,
        "cr1_drop": 0.7,
        "cr2_drop": 0.8,
        "fcr2_drop": 1.0,
        "fcr2_size": 512,
        "k": 3,
        "prefix": "n_ea_f",
        "fcr1_drop": 1.0,
        "name": "086",
        "learn_rate": 0.0005,
        "fcr1_size": 2048,
        "epochs": 32,
        "cr1_d": 32,
        "cr2_d": 64,
        "cr3_drop": 0.9
    },
    "validation_accuracy": [
        0.48820861678004535,
        0.7283446712558772,
        0.8263038549293467,
        0.8714285716988873,
        0.9088435376852818,
        0.9136054419335865,
        0.9376417236263249,
        0.9294784583202025,
        0.940816325503412,
        0.9485260770975057,
        0.9537414955714393,
        0.9578231292517007,
        0.9596371874517324,
        0.9628117906263356,
        0.9646258495832517,
        0.9673469380186258,
        0.9600907029478458,
        0.9668934237929969,
        0.9666666666666667,
        0.968253967226768,
        0.9727891156462585,
        0.9684807251370142,
        0.9696145124716553,
        0.9646258498535675,
        0.9653061227192954,
        0.9603174598038602,
        0.972562358276644,
        0.9698412688140696,
        0.9748299319727891,
        0.9739229024943311,
        0.9693877551020408,
        0.9698412698412698
    ],
    "test_accuracy": 0.9627078384420557
}