{
    "validation_accuracy": [
        0.36462584963731487,
        0.6247165525581291,
        0.7446712020843748,
        0.7875283439143175,
        0.8160997732426304,
        0.8698412701115857,
        0.8913832202249644,
        0.9029478460753045,
        0.9208616769773349,
        0.9294784583202025,
        0.9401360546920846,
        0.9356009072997943,
        0.9439909294619312,
        0.9473922905197489,
        0.9469387757805199,
        0.9569161000435584,
        0.9551020405730423,
        0.9598639458485472,
        0.9585034016308601,
        0.9623582764007067,
        0.9530612247601118,
        0.9553287971587409,
        0.9591836737397036,
        0.9621315182471762,
        0.9662131521977535,
        0.9639455772040922,
        0.9716553290685018,
        0.9639455785016083,
        0.9671201803786955,
        0.9693877553723567,
        0.968253967226768,
        0.965079365349681
    ],
    "test_accuracy": 0.9461599369135907,
    "train_time": 523.279616355896,
    "config": {
        "cr2_drop": 0.4,
        "epochs": 32,
        "k": 3,
        "prefix": "n_ea_f",
        "fcr2_drop": 1.0,
        "cr1_d": 32,
        "fcr1_drop": 1.0,
        "fcr2_size": 512,
        "cr3_drop": 0.3,
        "name": "087",
        "cr2_d": 64,
        "learn_rate": 0.0005,
        "cr3_d": 128,
        "cr1_drop": 0.5,
        "fcr1_size": 2048
    }
}