{
    "train_time": 520.8864369392395,
    "test_accuracy": 0.9558194773214164,
    "config": {
        "name": "088",
        "cr2_d": 64,
        "fcr1_drop": 1.0,
        "cr1_d": 32,
        "fcr2_drop": 1.0,
        "cr2_drop": 0.5,
        "cr1_drop": 0.6,
        "learn_rate": 0.0005,
        "fcr2_size": 512,
        "cr3_d": 128,
        "fcr1_size": 2048,
        "cr3_drop": 0.4,
        "prefix": "n_ea_f",
        "epochs": 32,
        "k": 3
    },
    "validation_accuracy": [
        0.42086167768015614,
        0.6841269841269841,
        0.8002267573696145,
        0.8752834467120182,
        0.8882086165367611,
        0.9106575966421979,
        0.9326530614948056,
        0.9414965989097717,
        0.9496598642158941,
        0.9396825386553395,
        0.9464852605276908,
        0.9478458049886621,
        0.9507936510639666,
        0.9564625847907293,
        0.9573696142691874,
        0.9659863943145388,
        0.9580498868916311,
        0.9625850337703212,
        0.9605442179573906,
        0.9591836737397036,
        0.9634920624648633,
        0.9573696147827875,
        0.9653061214217794,
        0.9630385490231503,
        0.969160996705226,
        0.9616780048054633,
        0.9689342393356115,
        0.9684807258938987,
        0.9650793640521649,
        0.9630385490231503,
        0.9637188211319938,
        0.969160996705226
    ]
}