{
    "config": {
        "name": "089",
        "cr1_d": 32,
        "learn_rate": 0.0005,
        "fcr2_drop": 1.0,
        "fcr1_drop": 1.0,
        "epochs": 32,
        "cr3_drop": 0.5,
        "cr1_drop": 0.7,
        "cr2_drop": 0.5,
        "k": 3,
        "prefix": "n_ea_f",
        "cr2_d": 64,
        "fcr2_size": 512,
        "fcr1_size": 2048,
        "cr3_d": 128
    },
    "test_accuracy": 0.9595407762229207,
    "train_time": 521.1346836090088,
    "validation_accuracy": [
        0.3287981858869799,
        0.6557823118979699,
        0.7777777780480937,
        0.8535147394993408,
        0.885034013875758,
        0.9097505671637399,
        0.922222221195022,
        0.9229024946013816,
        0.9344671191542057,
        0.9417233549818701,
        0.9453514741932183,
        0.9458049889324474,
        0.9530612247601118,
        0.9507936510639666,
        0.9517006805424247,
        0.9564625853043295,
        0.9589569163700891,
        0.9623582769143068,
        0.9639455785016083,
        0.9616780048054633,
        0.9623582769143068,
        0.9637188211319938,
        0.9560090705651004,
        0.9646258506104519,
        0.9662131521977535,
        0.9675736964154406,
        0.9718820864381164,
        0.9653061227192954,
        0.9739229027646469,
        0.9709750556621422,
        0.9666666669369826,
        0.9734693880254179
    ]
}