{
    "test_accuracy": 0.9610451305280672,
    "train_time": 523.7932326793671,
    "validation_accuracy": [
        0.47959183603187266,
        0.7555555550960186,
        0.8548752832034278,
        0.8945578229400306,
        0.9170068024778042,
        0.9229024946013816,
        0.9353741494165797,
        0.9385487531047829,
        0.9446712020843748,
        0.9553287981859411,
        0.9596371882086168,
        0.9569161000435584,
        0.9589569163700891,
        0.9594104311093181,
        0.9634920637623794,
        0.9657596361610084,
        0.9657596374585244,
        0.9648526079800664,
        0.968707482749913,
        0.9630385490231503,
        0.9680272106410694,
        0.974829932243105,
        0.9718820864381164,
        0.9702947848508147,
        0.9657596374585244,
        0.9727891159165744,
        0.9732426306558034,
        0.9773242633088646,
        0.9718820864381164,
        0.9721088438077308,
        0.9684807245963826,
        0.9725623585469598
    ],
    "config": {
        "k": 3,
        "cr3_d": 128,
        "prefix": "n_ea_f",
        "fcr1_size": 2048,
        "epochs": 32,
        "fcr1_drop": 1.0,
        "cr3_drop": 0.6,
        "cr1_d": 32,
        "cr1_drop": 0.8,
        "name": "090",
        "learn_rate": 0.0005,
        "fcr2_drop": 1.0,
        "cr2_d": 64,
        "fcr2_size": 512,
        "cr2_drop": 0.6
    }
}