{
    "test_accuracy": 0.9614410133089986,
    "train_time": 523.2603435516357,
    "config": {
        "cr2_d": 64,
        "fcr2_size": 512,
        "learn_rate": 0.0005,
        "cr2_drop": 0.7,
        "fcr1_size": 2048,
        "name": "091",
        "prefix": "n_ea_f",
        "fcr2_drop": 1.0,
        "fcr1_drop": 1.0,
        "epochs": 32,
        "cr3_drop": 0.7,
        "cr1_drop": 0.9,
        "cr3_d": 128,
        "cr1_d": 32,
        "k": 3
    },
    "validation_accuracy": [
        0.5832199544052418,
        0.8013605431904869,
        0.878004534904108,
        0.9124716545719138,
        0.9297052152032484,
        0.9482993194846069,
        0.9503401363247376,
        0.9619047619047619,
        0.9596371882086168,
        0.9596371884789326,
        0.9603174603174603,
        0.9625850340136054,
        0.9650793650793651,
        0.9687074832635131,
        0.9702947845804989,
        0.9714285714285714,
        0.9727891156462585,
        0.9712018140589569,
        0.9689342403628118,
        0.9750566893424036,
        0.9727891156462585,
        0.9723356009070295,
        0.9723356009070295,
        0.9734693880254179,
        0.9700680274812002,
        0.9709750569596582,
        0.9773242630385488,
        0.9761904761904762,
        0.975736961721563,
        0.9684807256235828,
        0.9682539682539683,
        0.9725623585469598
    ]
}