{
    "train_time": 522.7803382873535,
    "config": {
        "cr3_drop": 0.3,
        "cr2_d": 64,
        "cr2_drop": 0.3,
        "epochs": 32,
        "cr3_d": 128,
        "cr1_d": 32,
        "learn_rate": 0.0005,
        "fcr2_size": 512,
        "fcr1_drop": 1.0,
        "fcr1_size": 2048,
        "prefix": "n_ea_f",
        "fcr2_drop": 1.0,
        "k": 3,
        "cr1_drop": 0.3,
        "name": "092"
    },
    "test_accuracy": 0.9482185275707562,
    "validation_accuracy": [
        0.554648525590529,
        0.6886621317895902,
        0.7718820859245162,
        0.8097505658662238,
        0.8632653053655646,
        0.8755102030544324,
        0.8981859408268312,
        0.9043083892657914,
        0.9210884343469494,
        0.9299319720322312,
        0.9331065762340347,
        0.9344671201814059,
        0.9387755104743974,
        0.9476190478893635,
        0.9480725626285925,
        0.9492063492063492,
        0.9494331065759637,
        0.9523809523809523,
        0.9485260773678215,
        0.9560090702947845,
        0.9523809523809523,
        0.9510204081632653,
        0.9598639455782313,
        0.9580498866213152,
        0.9571428571428572,
        0.9585034013605442,
        0.9569160997732427,
        0.954875283446712,
        0.9630385487528345,
        0.9560090702947845,
        0.9625850340136054,
        0.9532879821297263
    ]
}