{
    "train_time": 524.1085062026978,
    "validation_accuracy": [
        0.37664399068642096,
        0.6383219947079682,
        0.7755102033247483,
        0.823809523863587,
        0.8782312927873227,
        0.8909297041882193,
        0.9092970524245109,
        0.9165532882521753,
        0.92131519301408,
        0.9326530614948056,
        0.9337868478292781,
        0.9405895681337975,
        0.9378684804823393,
        0.9503401363247376,
        0.9464852597437748,
        0.9414965978825715,
        0.9469387744830039,
        0.953741495841755,
        0.9582766429637295,
        0.956689342673944,
        0.9551020397891263,
        0.9614512474358488,
        0.9544217689777988,
        0.9548752837170279,
        0.9591836737397036,
        0.9607709740294891,
        0.9650793650793651,
        0.9519274366145232,
        0.9614512474358488,
        0.9623582769143068,
        0.9600907029478458,
        0.9662131519274376
    ],
    "test_accuracy": 0.9501979416641846,
    "config": {
        "fcr2_drop": 1.0,
        "epochs": 32,
        "name": "093",
        "cr1_drop": 0.4,
        "k": 3,
        "prefix": "n_ea_f",
        "cr2_d": 64,
        "cr3_d": 128,
        "cr1_d": 32,
        "cr2_drop": 0.4,
        "cr3_drop": 0.4,
        "fcr2_size": 512,
        "fcr1_size": 2048,
        "learn_rate": 0.0005,
        "fcr1_drop": 1.0
    }
}