{
    "train_time": 522.9478712081909,
    "config": {
        "fcr1_drop": 1.0,
        "k": 3,
        "epochs": 32,
        "cr2_drop": 0.5,
        "cr3_d": 128,
        "fcr1_size": 2048,
        "cr1_d": 32,
        "name": "094",
        "learn_rate": 0.0005,
        "fcr2_drop": 1.0,
        "prefix": "n_ea_f",
        "cr3_drop": 0.5,
        "cr2_d": 64,
        "cr1_drop": 0.5,
        "fcr2_size": 512
    },
    "validation_accuracy": [
        0.37823129251531734,
        0.5891156463125665,
        0.7621315188148394,
        0.8356009072997943,
        0.8793650796353952,
        0.9013605442176871,
        0.9210884353741496,
        0.9351473925605652,
        0.9380952370680379,
        0.9349206351909508,
        0.9458049889324474,
        0.9401360539352002,
        0.9537414968689553,
        0.9623582761574224,
        0.9498866208286242,
        0.9512471650463112,
        0.9519274366145232,
        0.9607709753270052,
        0.9634920637623794,
        0.9607709748134051,
        0.9539682542385698,
        0.9619047614181934,
        0.9653061227192954,
        0.9666666669369826,
        0.9664399092970521,
        0.962585033527037,
        0.9673469385592576,
        0.963265306122449,
        0.9634920637623794,
        0.9634920637623794,
        0.9655328800889099,
        0.9698412701115857
    ],
    "test_accuracy": 0.9541567698510413
}