{
    "validation_accuracy": [
        0.45600906980821604,
        0.7018140582000317,
        0.7927437634154513,
        0.8446712020843749,
        0.8712018135723884,
        0.8977324263308865,
        0.9054421768977798,
        0.9204081632653062,
        0.9156462574762011,
        0.9285714275442284,
        0.9396825386553395,
        0.9419501126218004,
        0.9403628117913833,
        0.9482993189710068,
        0.9507936500367664,
        0.9535147384721405,
        0.9539682529410537,
        0.9632653058791647,
        0.956235827934715,
        0.9541950116081843,
        0.9580498868916311,
        0.9641723351143385,
        0.9662131514408692,
        0.963945577744724,
        0.9607709740294891,
        0.9616780035079472,
        0.9662131519274376,
        0.9641723350873069,
        0.9623582756167907,
        0.9648526074934979,
        0.9628117913832199,
        0.9614512466519327
    ],
    "test_accuracy": 0.9565320664328049,
    "train_time": 524.149655342102,
    "config": {
        "fcr1_size": 2048,
        "learn_rate": 0.0005,
        "cr2_drop": 0.6,
        "k": 3,
        "fcr2_drop": 1.0,
        "cr1_drop": 0.6,
        "prefix": "n_ea_f",
        "epochs": 32,
        "cr2_d": 64,
        "cr3_drop": 0.6,
        "cr3_d": 128,
        "cr1_d": 32,
        "fcr1_drop": 1.0,
        "fcr2_size": 512,
        "name": "095"
    }
}