{
    "config": {
        "name": "096",
        "prefix": "n_ea_f",
        "fcr2_drop": 1.0,
        "cr3_drop": 0.7,
        "epochs": 32,
        "fcr1_drop": 1.0,
        "cr2_drop": 0.7,
        "fcr2_size": 512,
        "cr1_drop": 0.7,
        "cr2_d": 64,
        "cr3_d": 128,
        "learn_rate": 0.0005,
        "cr1_d": 32,
        "k": 3,
        "fcr1_size": 2048
    },
    "validation_accuracy": [
        0.4292517005180826,
        0.641950113432748,
        0.7609977324803671,
        0.8356009073538575,
        0.8854875283446711,
        0.9020408165968464,
        0.9104308382453832,
        0.9206349209052365,
        0.9274376419936718,
        0.9405895694313136,
        0.9419501136490006,
        0.9448979594539894,
        0.9528344673904973,
        0.9555555558258714,
        0.9553287984562568,
        0.9580498858644309,
        0.957596372152402,
        0.9619047621750777,
        0.9591836737397036,
        0.9623582769143068,
        0.9619047621750777,
        0.9630385490231503,
        0.967346939045826,
        0.9755102043519485,
        0.9687074819659971,
        0.9678004537850551,
        0.9705215422204292,
        0.9623582769143068,
        0.9648526079800664,
        0.9727891159165744,
        0.9687074832635131,
        0.9666666656394665
    ],
    "test_accuracy": 0.956611242996542,
    "train_time": 520.8581001758575
}