{
    "validation_accuracy": [
        0.524943310873849,
        0.7628117908966514,
        0.803628117670548,
        0.8396825399528556,
        0.8879818588968307,
        0.9090702942709804,
        0.9160997727290303,
        0.9267573696145125,
        0.9351473912630492,
        0.9439909297052154,
        0.9448979594539894,
        0.954421768707483,
        0.9485260770975057,
        0.9628117913832199,
        0.956235827150799,
        0.9566893424036281,
        0.9659863945578231,
        0.9573696145124716,
        0.9712018140589569,
        0.9609977324263038,
        0.962358276643991,
        0.9680272108843537,
        0.9662131519274376,
        0.9630385490231503,
        0.973015873015873,
        0.9653061224489796,
        0.9671201814058957,
        0.9734693867279018,
        0.9714285704013712,
        0.9723356011773453,
        0.97437641723356,
        0.9757369614512472
    ],
    "test_accuracy": 0.9638954868603583,
    "config": {
        "cr1_d": 32,
        "cr2_d": 64,
        "prefix": "n_ea_f",
        "name": "097",
        "fcr2_drop": 1.0,
        "fcr1_drop": 1.0,
        "k": 3,
        "epochs": 32,
        "fcr2_size": 512,
        "learn_rate": 0.0005,
        "cr2_drop": 0.8,
        "cr3_d": 128,
        "cr3_drop": 0.8,
        "cr1_drop": 0.8,
        "fcr1_size": 2048
    },
    "train_time": 524.0879068374634
}