{
    "validation_accuracy": [
        0.4829931969545325,
        0.7321995464852608,
        0.8367346931206666,
        0.886394557579845,
        0.9151927435208881,
        0.9356009067861942,
        0.9383219957351685,
        0.9473922905197489,
        0.9512471658031957,
        0.9541950110945843,
        0.9598639455782313,
        0.9589569160997733,
        0.9607709748134051,
        0.963718820861678,
        0.9655328798185941,
        0.9680272108843537,
        0.969160996705226,
        0.9650793650793651,
        0.9657596369449244,
        0.964172335600907,
        0.9680272106410694,
        0.9657596366746085,
        0.9689342396059274,
        0.9712018135453568,
        0.9712018143292728,
        0.9727891156462585,
        0.9750566893424036,
        0.9741496598639455,
        0.9682539682539683,
        0.9727891156462585,
        0.9764172335600907,
        0.973015873015873
    ],
    "test_accuracy": 0.964687252535484,
    "config": {
        "cr1_d": 32,
        "fcr1_size": 2048,
        "epochs": 32,
        "cr3_drop": 0.9,
        "fcr2_drop": 1.0,
        "cr1_drop": 0.9,
        "fcr2_size": 512,
        "name": "098",
        "fcr1_drop": 1.0,
        "k": 3,
        "prefix": "n_ea_f",
        "learn_rate": 0.0005,
        "cr2_d": 64,
        "cr3_d": 128,
        "cr2_drop": 0.9
    },
    "train_time": 522.9141640663147
}