{
    "test_accuracy": 0.9682501978659007,
    "config": {
        "learn_rate": 0.0005,
        "k": 3,
        "cr2_drop": 0.8,
        "fcr2_size": 512,
        "epochs": 32,
        "cr2_d": 64,
        "cr3_d": 128,
        "fcr1_drop": 0.5,
        "fcr2_drop": 1.0,
        "cr3_drop": 0.7,
        "cr1_drop": 0.9,
        "cr1_d": 32,
        "prefix": "n_ea_f",
        "name": "099",
        "fcr1_size": 2048
    },
    "train_time": 526.5752997398376,
    "validation_accuracy": [
        0.48185941070115484,
        0.8149659866648736,
        0.8705215414635449,
        0.9301587301857618,
        0.9376417233830406,
        0.9448979589403892,
        0.9539682539952855,
        0.9575963719091177,
        0.9646258506104519,
        0.9643990929975531,
        0.9637188206183938,
        0.9666666669369826,
        0.9637188208887096,
        0.9687074822633445,
        0.9746031743598903,
        0.9739229024943311,
        0.9684807253802985,
        0.9743764170173074,
        0.973242629898919,
        0.9732426301422032,
        0.971882085410916,
        0.9730158732861889,
        0.9730158722589887,
        0.9755102038383484,
        0.9775510204081632,
        0.9746031735759744,
        0.9795918367346939,
        0.972562358276644,
        0.9784580501569372,
        0.9773242630385488,
        0.9795918362210938,
        0.9746031738462902
    ]
}