{
    "validation_accuracy": [
        0.8560090705651004,
        0.9247165522607816,
        0.9528344660929812,
        0.9625850342839213,
        0.9603174603174603,
        0.973015873015873,
        0.9727891159165744,
        0.9734693880254179,
        0.9755102043519485,
        0.9727891159165744,
        0.9739229027646469,
        0.972562358276644,
        0.9782312914898066,
        0.9795918367346939,
        0.9777777780480936,
        0.977551019380963,
        0.9752834469823339,
        0.9791383209682646,
        0.9759637177936614,
        0.9789115648961662,
        0.9777777777777777,
        0.9768707485696356,
        0.9804988664834677,
        0.9784580488594211,
        0.9791383222657807,
        0.9780045354177082,
        0.97709750593925,
        0.9770975056689343,
        0.982766439395697,
        0.9809523799251807,
        0.9780045341201921,
        0.9780045341201921
    ],
    "config": {
        "fcr1_size": 2048,
        "fcr1_drop": 0.5,
        "cr2_d": 64,
        "cr1_d": 32,
        "name": "100",
        "k": 3,
        "fcr2_size": 512,
        "cr2_drop": 0.8,
        "cr1_drop": 0.9,
        "fcr2_drop": 1.0,
        "cr3_drop": 0.7,
        "cr3_d": 128,
        "epochs": 32,
        "prefix": "n_ea_f_noblur",
        "learn_rate": 0.0005
    },
    "train_time": 530.4270732402802,
    "test_accuracy": 0.9712589073256661
}