{
    "test_accuracy": 0.9728424386381631,
    "config": {
        "cr1_d": 32,
        "fcr2_size": 512,
        "learn_rate": 0.0005,
        "name": "101",
        "cr3_d": 128,
        "cr1_drop": 0.9,
        "cr3_drop": 0.7,
        "cr2_d": 64,
        "epochs": 32,
        "k": 3,
        "fcr1_size": 2048,
        "fcr2_drop": 1.0,
        "cr2_drop": 0.8,
        "fcr1_drop": 0.5,
        "prefix": "n_ea_f_noblur_nonoise"
    },
    "train_time": 527.8924412727356,
    "validation_accuracy": [
        0.8362811794086379,
        0.9204081622381058,
        0.9378684805093709,
        0.9487528339805517,
        0.9630385485095502,
        0.9671201814058957,
        0.9689342403628118,
        0.9709750566893424,
        0.9741496593773771,
        0.9707482993197278,
        0.9739229024943311,
        0.9748299319727891,
        0.9789115646258504,
        0.97437641723356,
        0.9734693877551021,
        0.98140589569161,
        0.9807256235827665,
        0.9825396825396825,
        0.9789115646258504,
        0.9807256235827665,
        0.9789115646258504,
        0.9829931972789115,
        0.9786848072562359,
        0.9823129251700681,
        0.982766439909297,
        0.981859410430839,
        0.9789115646258504,
        0.98140589569161,
        0.9784580498866213,
        0.9816326530612245,
        0.9811791383219954,
        0.9795918367346939
    ]
}