{
    "train_time": 530.6935095787048,
    "test_accuracy": 0.9659540775552782,
    "validation_accuracy": [
        0.8267573692360702,
        0.9113378687510415,
        0.9362811794086379,
        0.9448979594539894,
        0.9600907032181617,
        0.9657596369449244,
        0.9648526077097506,
        0.9727891156462585,
        0.9746031746031746,
        0.972562358276644,
        0.9746031746031746,
        0.9759637188208616,
        0.9732426306558034,
        0.9786848072562359,
        0.9761904761904762,
        0.9795918367346939,
        0.972108843537415,
        0.9780045351473923,
        0.9693877551020408,
        0.9793650793650793,
        0.9780045351473923,
        0.9761904761904762,
        0.9784580498866213,
        0.9777777772641777,
        0.9757369614512472,
        0.9809523809523809,
        0.9755102040816327,
        0.9789115646258504,
        0.9782312925170068,
        0.9775510204081632,
        0.9780045351473923,
        0.9768707482993197
    ],
    "config": {
        "learn_rate": 0.0005,
        "fcr2_size": 512,
        "cr3_drop": 0.7,
        "name": "102",
        "cr3_d": 128,
        "prefix": "n_ea_f_noblur_large_noisefirst",
        "k": 3,
        "cr1_drop": 0.9,
        "cr2_d": 64,
        "epochs": 32,
        "fcr1_size": 2048,
        "cr2_drop": 0.8,
        "cr1_d": 32,
        "fcr1_drop": 0.5,
        "fcr2_drop": 1.0
    }
}