{
    "config": {
        "epochs": 32,
        "learn_rate": 0.0005,
        "fcr1_drop": 0.5,
        "cr2_drop": 0.8,
        "fcr2_size": 512,
        "cr3_d": 128,
        "fcr2_drop": 1.0,
        "name": "103",
        "cr3_drop": 0.7,
        "prefix": "n_ea_fr_f",
        "k": 3,
        "cr1_drop": 0.9,
        "fcr1_size": 2048,
        "cr1_d": 32,
        "cr2_d": 64
    },
    "train_time": 1966.922206401825,
    "test_accuracy": 0.9741092636202029,
    "validation_accuracy": [
        0.862131519301408,
        0.9439909294619312,
        0.9625850340136054,
        0.9739229024943311,
        0.9802721088435374,
        0.9800453514739229,
        0.9836734693877551,
        0.9850340136054422,
        0.9873015873015873,
        0.9834467120181406,
        0.9884353741496599,
        0.9897959183673469,
        0.9866213151927438,
        0.9891156462585035,
        0.9861678007238306,
        0.9875283449415176,
        0.9913832199546485,
        0.9891156462585035,
        0.9877551023111322,
        0.9863945578231292,
        0.9873015873015873,
        0.9868480725623583,
        0.9877551020408163,
        0.9884353741496599,
        0.9873015873015873,
        0.9850340136054422,
        0.9904761904761905,
        0.9866213151927438,
        0.9875283449415176,
        0.9879818594104308,
        0.9888888888888889,
        0.990249433106576
    ]
}