{
    "train_time": 5456.993921279907,
    "validation_accuracy": [
        0.9582766439909297,
        0.9770975056689343,
        0.9780045351473923,
        0.9850340136054422,
        0.9839002267573697,
        0.9875283446712018,
        0.9841269841269841,
        0.9845804988662131,
        0.9825396825396825,
        0.990249433106576,
        0.9845804988662131,
        0.9877551020408163,
        0.9897959183673469,
        0.9900226757369615,
        0.9868480725623583,
        0.9843537414965986,
        0.9857142857142858,
        0.9909297052154195,
        0.9868480725623583,
        0.9877551020408163,
        0.9909297052154195,
        0.9868480725623583,
        0.9863945578231292,
        0.9913832199546485,
        0.9895691609977324,
        0.9843537414965986,
        0.9852607709750567,
        0.9834467112612562,
        0.9891156462585035,
        0.9873015873015873,
        0.9873015875719031,
        0.9882086167800453
    ],
    "test_accuracy": 0.9753760886022428,
    "config": {
        "epochs": 32,
        "cr2_drop": 0.5,
        "name": "_dev_",
        "cr2_d": 128,
        "cr1_drop": 0.6,
        "prefix": "n_ea_fr_f",
        "fcr1_drop": 0.6,
        "fcr2_drop": 1.0,
        "cr3_d": 256,
        "cr1_d": 64,
        "fcr2_size": 1024,
        "learn_rate": 0.0007,
        "k": 3,
        "fcr1_size": 4096,
        "cr3_drop": 0.6
    }
}