{
    "train_time": 6485.209342002869,
    "validation_accuracy": [
        0.9514739229024943,
        0.9630385487528345,
        0.9734693877551021,
        0.9782312925170068,
        0.9777777777777777,
        0.9823129251700681,
        0.9789115646258504,
        0.9793650793650793,
        0.9861678004535147,
        0.9832199536213259,
        0.9798185941043084,
        0.9834467120181406,
        0.9859410430839002,
        0.9861678004535147,
        0.9918367346938776,
        0.9850340136054422,
        0.9886621315192744,
        0.9836734693877551,
        0.9882086167800453,
        0.9859410430839002,
        0.9850340136054422,
        0.9875283446712018,
        0.9886621315192744,
        0.9904761904761905,
        0.9909297052154195,
        0.9922902494331066,
        0.982766439909297,
        0.991156462585034,
        0.9886621315192744,
        0.9888888888888889,
        0.9904761904761905,
        0.991156462585034,
        0.9891156462585035,
        0.9904761904761905,
        0.9897959183673469,
        0.9841269841269841,
        0.9893424036281179,
        0.9891156462585035,
        0.9913832199546485,
        0.9879818594104308,
        0.992517006802721,
        0.9861678004535147,
        0.9891156462585035,
        0.990702947845805,
        0.9888888888888889,
        0.9920634920634921,
        0.9870748294183727,
        0.9909297052154195,
        0.9918367346938776,
        0.9920634920634921,
        0.9920634920634921,
        0.9927437641723356,
        0.9922902494331066,
        0.9913832199546485,
        0.9893424036281179,
        0.9918367346938776,
        0.9909297052154195,
        0.9927437641723356,
        0.990702947845805,
        0.9909297052154195,
        0.991609977324263,
        0.9904761904761905,
        0.9913832199546485,
        0.991609977324263
    ],
    "test_accuracy_final": 0.9752969120007513,
    "test_accuracy": [
        0.9283452096291223,
        0.9560570070126277,
        0.9574821851221418,
        0.9606492480774862,
        0.9607284243486273,
        0.9597783058386234,
        0.9654790181728553,
        0.9612826602192786,
        0.964687252422221,
        0.9686460806845864,
        0.9669041962068607,
        0.9716547900310888,
        0.9711797307241746,
        0.9712589072501574,
        0.9733174979450773,
        0.9699920822303633,
        0.9731591447798487,
        0.9698337291406434,
        0.9758511479469112,
        0.9733174979450773,
        0.9694378463219577,
        0.9732383213435858,
        0.9739509104549743,
        0.973396674876919,
        0.9718923197978089,
        0.9749010295879246,
        0.9744259698373972,
        0.9765637370582997,
        0.971813143271826,
        0.9730799682538659,
        0.9770387964407226,
        0.9742676167099229,
        0.9767220905538787,
        0.9726049088336887,
        0.9764053839308254,
        0.9764053839308254,
        0.9752177354747684,
        0.974980205783557,
        0.9761678542773684,
        0.9729216150508829,
        0.9741884401461858,
        0.9722882025787402,
        0.9763262073293341,
        0.9724465557062144,
        0.9737133808015173,
        0.9761678546077187,
        0.9759303245484027,
        0.9736342045681304,
        0.9754552652037342,
        0.9756927948949456,
        0.9740300870187114,
        0.9779097386040767,
        0.9781472682952881,
        0.9740300870187114,
        0.9771179733725643,
        0.9744259698751514,
        0.9754552651659799,
        0.9767220901102653,
        0.9738717342215876,
        0.9746634995286085,
        0.9793349171572041,
        0.9765637370582997,
        0.977117973042214,
        0.9752969120007513
    ],
    "config": {
        "fcr2_drop": 0.7,
        "cr1_d": 32,
        "prefix": "n_ea_fr_f",
        "cr2_d": 64,
        "cr3_d": 128,
        "learn_rate": 0.0007,
        "cr3_drop": 0.6,
        "fcr1_drop": 0.6,
        "k": 3,
        "cr1_drop": 0.6,
        "fcr2_size": 1024,
        "fcr1_size": 4096,
        "cr2_drop": 0.5,
        "epochs": 64,
        "name": "_dev_"
    }
}