{
    "test_accuracy_final": 0.9841646871770646,
    "validation_accuracy": [
        0.9439909292186469,
        0.9777777772641777,
        0.9866213151927438,
        0.9836734693877551,
        0.9863945573095292,
        0.9888888888888889,
        0.9863945580934451,
        0.9920634920634921,
        0.990249433106576,
        0.9900226757369615,
        0.9904761904761905,
        0.9936507936507937,
        0.9904761904761905,
        0.9888888888888889,
        0.9927437641723356,
        0.9938775510204082,
        0.9877551020408163,
        0.9913832199546485,
        0.991156462585034,
        0.9920634920634921,
        0.9922902494331066,
        0.9909297052154195,
        0.9936507936507937,
        0.992517006802721,
        0.990249433106576,
        0.9895691609977324,
        0.9891156462585035,
        0.9941043083900227,
        0.9909297052154195,
        0.9945578231292517,
        0.9938775510204082,
        0.9897959183673469,
        0.9925170057755208,
        0.9941043083900227,
        0.9941043083900227,
        0.9918367346938776,
        0.9945578231292517,
        0.9954648526077098,
        0.9929705215419501,
        0.9938775510204082,
        0.9893424036281179,
        0.9886621315192744,
        0.9938775510204082,
        0.9895691609977324,
        0.9938775510204082,
        0.9947845804988662,
        0.9947845804988662,
        0.9904761904761905,
        0.9877551020408163,
        0.9938775510204082,
        0.9900226757369615,
        0.990249433106576,
        0.9927437641723356,
        0.9931972789115646,
        0.9945578231292517,
        0.9934240362811791,
        0.9936507936507937,
        0.9954648526077098,
        0.9893424036281179,
        0.9945578231292517,
        0.9891156462585035,
        0.992517006802721,
        0.9947845804988662,
        0.9929705215419501,
        0.9893424036281179,
        0.9931972789115646,
        0.9934240362811791,
        0.9909297052154195,
        0.991609977324263,
        0.9884353741496599,
        0.9920634920634921,
        0.9909297052154195,
        0.9909297052154195,
        0.9895691609977324,
        0.990702947845805,
        0.9918367346938776,
        0.9936507936507937,
        0.9934240362811791,
        0.992517006802721,
        0.9893424036281179,
        0.9941043086603385,
        0.9938775510204082,
        0.990702947845805,
        0.9952380952380953,
        0.9904761904761905,
        0.9918367346938776,
        0.993424036551495,
        0.9891156462585035,
        0.9947845804988662,
        0.9922902494331066,
        0.9938775510204082,
        0.9929705215419501,
        0.9941043083900227,
        0.9952380952380953,
        0.991156462585034,
        0.9891156462585035,
        0.9934240352539789,
        0.9918367346938776,
        0.993877551290724,
        0.9925170070730369,
        0.9927437641723356,
        0.9943310657596371,
        0.9956916099773243,
        0.9904761904761905,
        0.9913832199546485,
        0.9947845804988662,
        0.9943310657596371,
        0.9934240362811791,
        0.9936507936507937,
        0.9927437641723356,
        0.9934240362811791,
        0.9911564628553499,
        0.9941043086603385,
        0.990702947845805,
        0.9904761904761905,
        0.9884353741496599,
        0.991156462585034,
        0.9931972791818805,
        0.9947845804988662,
        0.993424036551495,
        0.9941043083900227,
        0.994331066029953,
        0.9925170070730369,
        0.9931972789115646,
        0.9943310657596371,
        0.9943310657596371,
        0.9945578233995676,
        0.9947845804988662
    ],
    "test_accuracy": [
        0.9292161521983354,
        0.9588281867056732,
        0.9663499603362095,
        0.9684877275193577,
        0.9757719714586828,
        0.9771971496437054,
        0.9711005541981919,
        0.9703087885608205,
        0.9775138558608997,
        0.9769596198769854,
        0.9741092635824485,
        0.9777513855143567,
        0.9801266824264707,
        0.977117973042214,
        0.9779097386795853,
        0.9745051464011343,
        0.9731591447420943,
        0.9772763261319339,
        0.9772763261696883,
        0.9802850355161907,
        0.9802058590279622,
        0.9806017418466478,
        0.9782264449345339,
        0.9825811559400762,
        0.9775138558231453,
        0.981472684010002,
        0.9816310370619676,
        0.9788598573689223,
        0.9787015043169567,
        0.9818685668664421,
        0.979889152697505,
        0.979889152697505,
        0.9828186856312876,
        0.9787806808429395,
        0.9806809183726307,
        0.9787015046095527,
        0.9786223277154652,
        0.9817893902271962,
        0.9817102137012135,
        0.9817893903027048,
        0.9821060965198991,
        0.9816310371752306,
        0.9834520981034304,
        0.9827395090297961,
        0.9835312747049219,
        0.9829770387210076,
        0.9814726840477563,
        0.9817893903027048,
        0.9814726840477563,
        0.9839271575236075,
        0.9812351543187906,
        0.978701504241448,
        0.9816310371752306,
        0.9836896278323961,
        0.9811559777550535,
        0.9845605700335046,
        0.9798099761715222,
        0.985985748180773,
        0.9794140933528366,
        0.9827395091053048,
        0.9823436262488648,
        0.9821852731213906,
        0.9840063340495904,
        0.9806017417711392,
        0.9843230403422932,
        0.9807600949741222,
        0.9855106887983501,
        0.978463974587991,
        0.9861441012327385,
        0.9827395089920419,
        0.9827395090297961,
        0.9816310371752306,
        0.9836896278323961,
        0.9809184480638421,
        0.9845605700335046,
        0.9839271575236075,
        0.9792557402631166,
        0.9844022169060304,
        0.983610451268659,
        0.9867775138181444,
        0.9826603325038133,
        0.985035629378173,
        0.985985748180773,
        0.9852731591071388,
        0.9825019793385847,
        0.9837688043961332,
        0.985431512234613,
        0.9832145684499733,
        0.9845605699957503,
        0.9857482184895616,
        0.985589865324333,
        0.9832937450137105,
        0.9829770387210076,
        0.982660332466059,
        0.9843230403422932,
        0.9839271574858531,
        0.9842438637408017,
        0.9846397465972417,
        0.9837688043961332,
        0.9836896278323961,
        0.9829770387210076,
        0.9823436262111105,
        0.9841646872148189,
        0.9832937450137105,
        0.9848772762884531,
        0.9827395090675505,
        0.9831353918862362,
        0.9813143308825277,
        0.9825019793763391,
        0.9859065716170359,
        0.9847980996869616,
        0.9809976246653336,
        0.9849564528521902,
        0.985589865324333,
        0.9828186856312876,
        0.9811559777928078,
        0.9832937450137105,
        0.9828186856312876,
        0.9858273950532987,
        0.9853523356708759,
        0.9831353918484819,
        0.9809976246275792,
        0.9834520981789391,
        0.9823436262488648,
        0.9850356294159274,
        0.9848772762884531,
        0.9856690419258245,
        0.9841646871770646
    ],
    "train_time": 24915.185512304306,
    "config": {
        "prefix": "n_ea_fr_f",
        "cr3_drop": 0.6,
        "cr3_d": 256,
        "fcr2_drop": 0.7,
        "cr1_drop": 0.6,
        "name": "_dev_",
        "fcr1_size": 4096,
        "k": 3,
        "cr2_drop": 0.5,
        "epochs": 128,
        "cr2_d": 128,
        "fcr1_drop": 0.6,
        "cr1_d": 64,
        "fcr2_size": 1024,
        "learn_rate": 0.0007
    }
}