{
    "validation_accuracy": [
        0.8621315195446922,
        0.9498866210719085,
        0.963718820861678,
        0.9659863945578231,
        0.9766439909297052,
        0.9748299319727891,
        0.9748299319727891,
        0.9736961451247166,
        0.9798185941043084,
        0.9825396825396825,
        0.9850340136054422,
        0.9852607709750567,
        0.9836734693877551,
        0.9782312925170068,
        0.9809523809523809,
        0.9841269841269841,
        0.9789115646258504,
        0.9829931972789115,
        0.9870748299319728,
        0.9841269841269841,
        0.9870748299319728,
        0.9848072562358277,
        0.9870748299319728,
        0.9832199546485261,
        0.9820861678004535,
        0.9868480725623583,
        0.9884353741496599,
        0.9859410430839002,
        0.9882086167800453,
        0.9875283446712018,
        0.9857142857142858,
        0.9845804988662131,
        0.9852607709750567,
        0.9884353741496599,
        0.982766439909297,
        0.9879818594104308,
        0.9852607709750567,
        0.9857142857142858,
        0.9859410430839002,
        0.9875283446712018,
        0.9857142857142858,
        0.9863945578231292,
        0.9888888888888889,
        0.9850340136054422,
        0.9879818594104308,
        0.9859410430839002,
        0.990702947845805,
        0.9854875283446712,
        0.9873015873015873,
        0.9904761904761905,
        0.9861678004535147,
        0.9866213151927438,
        0.9870748299319728,
        0.9854875283446712,
        0.9854875283446712,
        0.9875283446712018,
        0.9868480725623583,
        0.9852607709750567,
        0.9875283446712018,
        0.9882086167800453,
        0.9913832199546485,
        0.9913832199546485,
        0.9873015873015873,
        0.9884353741496599
    ],
    "config": {
        "prefix": "n_ea_fr_f",
        "cr1_d": 32,
        "cr3_drop": 0.6,
        "name": "_dev_",
        "cr2_drop": 0.5,
        "cr1_drop": 0.6,
        "cr3_d": 128,
        "fcr2_size": 1024,
        "fcr2_drop": 0.7,
        "k": 3,
        "fcr1_size": 4096,
        "fcr1_drop": 0.6,
        "cr2_d": 64,
        "learn_rate": 0.0007,
        "epochs": 64
    },
    "train_time": 11548.499640464783,
    "test_accuracy_final": 0.9733174980205859,
    "test_accuracy": [
        0.8363420429629932,
        0.9258907361532711,
        0.9412509895937837,
        0.9416468723369608,
        0.94829770369088,
        0.9490894693282513,
        0.9605700710701357,
        0.955581947630205,
        0.9599366586357473,
        0.959144892998376,
        0.9579572445045647,
        0.9627078384043013,
        0.9562945366660849,
        0.9551068881722735,
        0.962549485276827,
        0.9674584322662837,
        0.9627870148925298,
        0.9646080758584838,
        0.9692003166307462,
        0.9675376087545121,
        0.9669833728083522,
        0.965874900878278,
        0.967854315047215,
        0.964687252422221,
        0.9694378463219577,
        0.9680918447006721,
        0.9674584322285293,
        0.9716547901443517,
        0.9715756135428603,
        0.9715756135428603,
        0.971813143271826,
        0.9695961994116776,
        0.97395091041722,
        0.9688836103002891,
        0.9680918447761807,
        0.9749010292575743,
        0.9685669040830949,
        0.9733966745088144,
        0.9715756135806146,
        0.9704671416127861,
        0.9697545525769062,
        0.9764053839308254,
        0.9731591447798487,
        0.9728424385626544,
        0.9700712587941004,
        0.971971496361546,
        0.9733174979828316,
        0.971417260415386,
        0.9715756135428603,
        0.9714172603776318,
        0.9698337291406434,
        0.9758511479846655,
        0.9688836103757977,
        0.9750593823850485,
        0.9729216151263916,
        0.9729216151263916,
        0.9781472683330424,
        0.9747426761301,
        0.9770387964407226,
        0.9746634995663629,
        0.9762470308411055,
        0.9756927948949456,
        0.9712589073256661,
        0.9733174980205859
    ]
}