{
    "test_accuracy": 0.9664291368621922,
    "validation_accuracy": [
        0.15079365079365079,
        0.46689342387409166,
        0.6546485258608449,
        0.7725623583307072,
        0.8244897954317988,
        0.8435374152903654,
        0.8600907022450246,
        0.8968253966361758,
        0.9024943313901387,
        0.9229024941148131,
        0.9306122441410748,
        0.9401360539352002,
        0.9494331068462796,
        0.9523809513537521,
        0.9589569163700891,
        0.9566893424036281,
        0.9643990929705215,
        0.9619047621750777,
        0.9662131516841533,
        0.9657596371882086,
        0.9655328798185941,
        0.9653061224489796,
        0.9727891156462585,
        0.9732426303854875,
        0.9727891156462585,
        0.973015873015873,
        0.9684807256235828,
        0.972562358276644,
        0.972562358276644,
        0.9727891156462585,
        0.9739229024943311,
        0.9775510204081632
    ],
    "train_time": 536.1526718139648,
    "config": {
        "cr2_d": 64,
        "fcr1_size": 2048,
        "cr3_drop": 0.5,
        "fcr2_size": 512,
        "cr1_drop": 0.5,
        "epochs": 32,
        "fcr2_drop": 0.5,
        "k": 3,
        "cr3_d": 128,
        "fcr1_drop": 0.5,
        "name": "_dev_",
        "prefix": "n_ea_f",
        "learn_rate": 0.0005,
        "cr1_d": 32,
        "cr2_drop": 0.5
    }
}