{
    "test_accuracy_final": 0.9843230403422932,
    "validation_accuracy": [
        0.9473922902494331,
        0.9775510204081632,
        0.9775510196512789,
        0.9841269841269841,
        0.9848072565061435,
        0.9907029481161208,
        0.987301586274387,
        0.9879818596807467,
        0.993424036551495,
        0.9907029468186047,
        0.9938775510204082,
        0.9922902497034224,
        0.992970521812266,
        0.9897959186376628,
        0.991609977324263,
        0.9925170057755208,
        0.9931972791818805,
        0.9929705215419501,
        0.9929705207850658,
        0.993424036551495,
        0.9936507939211096,
        0.9929705215419501,
        0.9886621315192744,
        0.9936507939211096,
        0.9927437644426514,
        0.993877551290724,
        0.9929705215419501,
        0.9920634920634921,
        0.9945578233995676,
        0.9936507939211096,
        0.9938775510204082,
        0.9938775510204082,
        0.9931972789115646,
        0.9934240362811791,
        0.9954648526077098,
        0.9943310657596371,
        0.9945578231292517,
        0.993877551290724,
        0.9936507936507937,
        0.9897959183673469,
        0.9943310657596371,
        0.9893424026009177,
        0.9941043083900227,
        0.990702947845805,
        0.9897959173401467,
        0.9952380952380953,
        0.9936507936507937,
        0.9952380952380953,
        0.990249433106576,
        0.9904761894489903,
        0.9947845804988662,
        0.9941043083900227,
        0.9895691609977324,
        0.9893424036281179,
        0.9909297052154195,
        0.9950113381387966,
        0.9895691609977324,
        0.9929705215419501,
        0.9943310657596371,
        0.9931972789115646,
        0.9893424036281179,
        0.9904761904761905,
        0.9950113381387966,
        0.9931972789115646,
        0.9893424036281179,
        0.9886621315192744,
        0.9947845804988662,
        0.9909297052154195,
        0.9893424036281179,
        0.9938775510204082,
        0.9904761904761905,
        0.9938775510204082,
        0.9934240362811791,
        0.9938775510204082,
        0.9956916099773243,
        0.992517006802721,
        0.9943310657596371,
        0.9945578231292517,
        0.9934240362811791,
        0.992517006802721,
        0.9909297052154195,
        0.9943310657596371,
        0.9941043083900227,
        0.9936507939211096,
        0.9909297052154195,
        0.9934240362811791,
        0.9884353741496599,
        0.9918367346938776,
        0.993424036551495,
        0.9897959183673469,
        0.9907029470889206,
        0.9900226757369615,
        0.9927437641723356,
        0.9897959183673469,
        0.991609977324263,
        0.9891156462585035,
        0.9900226757369615,
        0.9918367346938776,
        0.990702947845805,
        0.9943310657596371,
        0.9918367346938776,
        0.990249433106576,
        0.992517006802721,
        0.991156462585034,
        0.9927437644426514,
        0.9931972789115646,
        0.9929705215419501,
        0.990249433106576,
        0.9877551020408163,
        0.9904761904761905,
        0.9947845804988662,
        0.9941043083900227,
        0.9945578231292517,
        0.9895691609977324,
        0.9945578231292517,
        0.9918367346938776,
        0.9895691609977324,
        0.9897959183673469,
        0.9934240362811791,
        0.9941043083900227,
        0.9947845804988662,
        0.9929705215419501,
        0.9895691612680483,
        0.9900226757369615,
        0.9913832199546485,
        0.9945578231292517,
        0.9929705215419501,
        0.9897959183673469,
        0.9904761904761905,
        0.9945578231292517,
        0.9895691609977324,
        0.9945578231292517,
        0.9918367346938776,
        0.9895691609977324,
        0.992517006802721,
        0.9934240362811791,
        0.990249433106576,
        0.9893424036281179,
        0.991156462585034,
        0.9952380952380953,
        0.9909297052154195,
        0.991156462585034,
        0.9900226757369615,
        0.9934240360378949,
        0.9947845804988662,
        0.9920634920634921,
        0.990249433106576,
        0.9941043083900227,
        0.9929705215419501,
        0.9918367346938776,
        0.991609977324263,
        0.9909297052154195,
        0.9897959183673469,
        0.990249433106576,
        0.990702947845805,
        0.9909297052154195,
        0.9936507936507937,
        0.9897959183673469,
        0.9934240362811791,
        0.9943310657596371,
        0.9922902494331066,
        0.9961451247165533,
        0.9941043083900227,
        0.9952380952380953,
        0.991156462585034,
        0.9918367346938776,
        0.9938775510204082,
        0.9945578231292517,
        0.9938775510204082,
        0.9954648526077098,
        0.9936507936507937,
        0.9900226757369615,
        0.992517006802721,
        0.9909297052154195,
        0.9954648526077098,
        0.9913832199546485,
        0.9938775510204082,
        0.990249433106576,
        0.9891156462585035,
        0.9938775510204082,
        0.991156462585034,
        0.9904761904761905,
        0.992517006802721,
        0.9947845804988662,
        0.9952380952380953,
        0.991609977324263,
        0.9945578233995676,
        0.990249433106576,
        0.990249433106576,
        0.990702947845805,
        0.9938775510204082,
        0.9927437641723356,
        0.992517006802721,
        0.9938775510204082,
        0.9950113378684807,
        0.990702947845805,
        0.9913832197113642,
        0.9945578231292517,
        0.9922902494331066,
        0.9945578231292517,
        0.990249433106576,
        0.991156462585034,
        0.9945578231292517,
        0.9952380952380953,
        0.990702947845805,
        0.9945578231292517,
        0.992517006802721,
        0.9931972789115646,
        0.991609977324263,
        0.990249433106576,
        0.9918367346938776,
        0.9918367349641934,
        0.9895691609977324,
        0.9918367346938776,
        0.9904761904761905,
        0.9895691609977324,
        0.9934240362811791,
        0.9895691609977324,
        0.9913832199546485,
        0.9920634920634921,
        0.9936507936507937,
        0.9938775510204082,
        0.991609977324263,
        0.9913832199546485,
        0.9904761904761905,
        0.9888888888888889,
        0.9931972789115646,
        0.993877551290724,
        0.9931972789115646,
        0.9920634920634921,
        0.9909297052154195,
        0.9920634920634921,
        0.9941043083900227,
        0.9954648526077098,
        0.992517006802721,
        0.9941043083900227,
        0.9918367346938776,
        0.9931972789115646,
        0.9897959183673469,
        0.9909297052154195,
        0.9904761904761905,
        0.991609977324263,
        0.9913832199546485,
        0.9913832199546485,
        0.9950113378684807,
        0.9929705215419501,
        0.9931972789115646,
        0.9938775510204082,
        0.9922902494331066,
        0.9936507936507937,
        0.9920634920634921,
        0.9927437641723356,
        0.991156462585034,
        0.9952380952380953,
        0.9897959183673469,
        0.9936507936507937
    ],
    "train_time": 50220.72814106941,