{
    "test_accuracy": 0.9576405382496161,
    "validation_accuracy": [
        0.7460317455451775,
        0.8888888891592047,
        0.9242630385487528,
        0.9390022665464959,
        0.942176869721099,
        0.9485260760703055,
        0.9609977326966197,
        0.9562358266371989,
        0.9614512471655329,
        0.9628117908696199,
        0.9666666666666667,
        0.9723356009070295,
        0.9705215409229132,
        0.9684807256235828,
        0.9675736961451247,
        0.9673469387755103,
        0.9725623577630439,
        0.9712018140589569,
        0.9712018140589569,
        0.973015873015873,
        0.9700680274812002,
        0.973015873015873,
        0.9730158732861889,
        0.9736961453950324,
        0.971655328798186,
        0.9721088438077308,
        0.9668934240362812,
        0.9671201816762115,
        0.9748299319727891,
        0.9714285714285714,
        0.9698412701115857,
        0.9784580488594211
    ],
    "config": {
        "fcr2_size": 512,
        "cr3_d": 128,
        "prefix": "n_ea_fr",
        "cr3_drop": 0.5,
        "learn_rate": 0.0005,
        "fcr2_drop": 0.5,
        "cr2_drop": 0.5,
        "cr1_drop": 0.5,
        "cr1_d": 32,
        "fcr1_drop": 0.5,
        "name": "_dev_",
        "k": 3,
        "epochs": 32,
        "fcr1_size": 2048,
        "cr2_d": 64
    },
    "train_time": 218.7683322429657
}